prompt PL/SQL Developer import file
prompt Created on 2014年9月9日 by hudingbo
set feedback off
set define off
prompt Creating WORKBENCH_PLATFORM...
create table WORKBENCH_PLATFORM
(
  PLATFORM_ID               VARCHAR2(32) not null,
  USER_ID                   VARCHAR2(32),
  PLATFORM_NAME             VARCHAR2(80),
  TEMPLATE_ID               VARCHAR2(32),
  PLATFORM_NUMBER           INTEGER,
  PLATFORM_LAST_MODIFY_TIME DATE,
  PLATFORM_CREATE_TIME      DATE,
  IS_DEFAULT_PLATFORM       CHAR(1)
)
;
comment on table WORKBENCH_PLATFORM
  is '用于存储用户的工作台基本信息';
comment on column WORKBENCH_PLATFORM.PLATFORM_ID
  is '主键';
comment on column WORKBENCH_PLATFORM.USER_ID
  is '用户ID，记录当前登录的用户';
comment on column WORKBENCH_PLATFORM.PLATFORM_NAME
  is '工作台名称';
comment on column WORKBENCH_PLATFORM.TEMPLATE_ID
  is '记录该工作台是从哪个模板复制过来的数据';
comment on column WORKBENCH_PLATFORM.PLATFORM_NUMBER
  is '工作台序号(记录是第几个工作台，按照1,2,3,4递增)';
comment on column WORKBENCH_PLATFORM.PLATFORM_LAST_MODIFY_TIME
  is '最后修改时间';
comment on column WORKBENCH_PLATFORM.PLATFORM_CREATE_TIME
  is '微件创建时间';
comment on column WORKBENCH_PLATFORM.IS_DEFAULT_PLATFORM
  is '是否是默认工作台';
alter table WORKBENCH_PLATFORM
  add constraint PK_WORKBENCH_PLATFORM primary key (PLATFORM_ID);

prompt Creating WORKBENCH_PLATFORM_PORTLET...
create table WORKBENCH_PLATFORM_PORTLET
(
  ID          VARCHAR2(32) not null,
  PLATFORM_ID VARCHAR2(32) not null,
  PORTLET_ID  VARCHAR2(32) not null,
  EDITABLE    CHAR(1),
  SELF_NAME   VARCHAR2(500),
  ADD_TIME    DATE,
  PT_ORDER    INTEGER
)
;
comment on table WORKBENCH_PLATFORM_PORTLET
  is '用户记录每一个用户工作台详细对应了哪些portlet、每个portlet的位置、顺序等';
comment on column WORKBENCH_PLATFORM_PORTLET.ID
  is '主键';
comment on column WORKBENCH_PLATFORM_PORTLET.PLATFORM_ID
  is '关联pub_user_paltform表的某一条主键记录';
comment on column WORKBENCH_PLATFORM_PORTLET.PORTLET_ID
  is '关联微件表的某一条主键记录';
comment on column WORKBENCH_PLATFORM_PORTLET.EDITABLE
  is '首页第一个工作台默认的portlet是不可编辑的，自己添加的可以编辑';
comment on column WORKBENCH_PLATFORM_PORTLET.SELF_NAME
  is '自定义的微件名称';
comment on column WORKBENCH_PLATFORM_PORTLET.ADD_TIME
  is '添加该微件的时间';
alter table WORKBENCH_PLATFORM_PORTLET
  add constraint PK_WORKBENCH_PLATFORM_PORTLET primary key (ID);

prompt Creating WORKBENCH_PORTLET...
create table WORKBENCH_PORTLET
(
  PORTLET_ID          VARCHAR2(32) not null,
  PORTLET_NAME        VARCHAR2(200) not null,
  PORTLET_RIGHT_CODE  VARCHAR2(100) not null,
  PORTLET_URL         VARCHAR2(500),
  PORTLET_POSTION     CHAR(1),
  PORTLET_TAG         VARCHAR2(100) not null,
  PIC_ADDRESS         VARCHAR2(100),
  PORTLET_DESCRIBE    VARCHAR2(500),
  PORTLET_CREATE_TIME DATE not null,
  PORTLET_MOFIFY_TIME DATE,
  IS_COMMON           CHAR(1) default 0 not null
)
;
comment on table WORKBENCH_PORTLET
  is '用于存储各个业务系统的公共微件和私有微件';
comment on column WORKBENCH_PORTLET.PORTLET_ID
  is '主键';
comment on column WORKBENCH_PORTLET.PORTLET_NAME
  is '微件默认名称';
comment on column WORKBENCH_PORTLET.PORTLET_RIGHT_CODE
  is '微件连接到的具体页面的权限编码';
comment on column WORKBENCH_PORTLET.PORTLET_URL
  is '链接到的具体页面的URL';
comment on column WORKBENCH_PORTLET.PORTLET_POSTION
  is '0：左侧、1：右侧；标示了在添加微件时候能添加到哪里';
comment on column WORKBENCH_PORTLET.PORTLET_TAG
  is '微件所属的分类trag、用于在添加微件时候左侧分类';
comment on column WORKBENCH_PORTLET.PIC_ADDRESS
  is '图片地址';
comment on column WORKBENCH_PORTLET.PORTLET_DESCRIBE
  is '微件的描述';
comment on column WORKBENCH_PORTLET.PORTLET_CREATE_TIME
  is '微件创建时间';
comment on column WORKBENCH_PORTLET.PORTLET_MOFIFY_TIME
  is '最后修改微件的时间';
comment on column WORKBENCH_PORTLET.IS_COMMON
  is '是否是公共微件(0：否；1：是)';
alter table WORKBENCH_PORTLET
  add constraint PK_WORKBENCH_PORTLET primary key (PORTLET_ID);

prompt Creating WORKBENCH_TEMPLATE...
create table WORKBENCH_TEMPLATE
(
  TEMPLATE_ID          VARCHAR2(32) not null,
  TEMPLATE_RIGHT_CODE  VARCHAR2(100),
  TEMPLATE_NAME        VARCHAR2(150) not null,
  IS_SUPER_TEMPLATE    CHAR(1) not null,
  IS_DEFAULT           CHAR(1),
  TEMPLATE_DESCRIBE    VARCHAR2(500),
  TEMPLATE_CREATE_TIME DATE not null,
  TEMPLATE_PIC         VARCHAR2(60)
)
;
comment on table WORKBENCH_TEMPLATE
  is '用于存储所有的工作台模板';
comment on column WORKBENCH_TEMPLATE.TEMPLATE_ID
  is '主键';
comment on column WORKBENCH_TEMPLATE.TEMPLATE_RIGHT_CODE
  is '对应4A的权限编码';
comment on column WORKBENCH_TEMPLATE.TEMPLATE_NAME
  is '模板的名称,供用户选择从模板新建工作台的时候用';
comment on column WORKBENCH_TEMPLATE.IS_SUPER_TEMPLATE
  is '超级模板是供用户所属角色没有默认模板时候用的、系统唯一';
comment on column WORKBENCH_TEMPLATE.IS_DEFAULT
  is '是否是该角色的默认模板';
comment on column WORKBENCH_TEMPLATE.TEMPLATE_DESCRIBE
  is '模板的描述信息';
comment on column WORKBENCH_TEMPLATE.TEMPLATE_CREATE_TIME
  is '该模板的实际创建时间';
comment on column WORKBENCH_TEMPLATE.TEMPLATE_PIC
  is '工作台模板的展示简要图片';
alter table WORKBENCH_TEMPLATE
  add constraint PK_WORKBENCH_TEMPLATE primary key (TEMPLATE_ID);

prompt Creating WORKBENCH_TEMPLATE_PORTEL...
create table WORKBENCH_TEMPLATE_PORTEL
(
  ID            VARCHAR2(32) not null,
  TEMPLATE_ID   VARCHAR2(32),
  PORTLET_ID    VARCHAR2(32),
  PORTLET_ORDER INTEGER
)
;
comment on table WORKBENCH_TEMPLATE_PORTEL
  is '记录每一个工作台模板的详细portlet项、包括总的布局顺序';
comment on column WORKBENCH_TEMPLATE_PORTEL.ID
  is '主键';
comment on column WORKBENCH_TEMPLATE_PORTEL.TEMPLATE_ID
  is '关联工作台模板表的主键';
comment on column WORKBENCH_TEMPLATE_PORTEL.PORTLET_ID
  is '关联微件表的某一个主键';
comment on column WORKBENCH_TEMPLATE_PORTEL.PORTLET_ORDER
  is '顺序按照1,2,3,4递增';
alter table WORKBENCH_TEMPLATE_PORTEL
  add constraint PK_WORKBENCH_TEMPLATE_PORTEL primary key (ID);

prompt Loading WORKBENCH_PLATFORM...
insert into WORKBENCH_PLATFORM (PLATFORM_ID, USER_ID, PLATFORM_NAME, TEMPLATE_ID, PLATFORM_NUMBER, PLATFORM_LAST_MODIFY_TIME, PLATFORM_CREATE_TIME, IS_DEFAULT_PLATFORM)
values ('B59EB32B522C49A5B7F040BC27CE1FF3', '48E6B9CA446E48E5A2549565D9D492FB', '超级工作台', '03', 0, to_date('21-08-2014 11:00:20', 'dd-mm-yyyy hh24:mi:ss'), to_date('21-08-2014 11:00:20', 'dd-mm-yyyy hh24:mi:ss'), '1');
insert into WORKBENCH_PLATFORM (PLATFORM_ID, USER_ID, PLATFORM_NAME, TEMPLATE_ID, PLATFORM_NUMBER, PLATFORM_LAST_MODIFY_TIME, PLATFORM_CREATE_TIME, IS_DEFAULT_PLATFORM)
values ('BCB7E9D893DD4081AD00E89B7781A75F', '1227704D002F45C0B10AE776273B4EDC', '超级工作台', '03', 0, to_date('22-08-2014 09:43:15', 'dd-mm-yyyy hh24:mi:ss'), to_date('22-08-2014 09:43:15', 'dd-mm-yyyy hh24:mi:ss'), '1');
insert into WORKBENCH_PLATFORM (PLATFORM_ID, USER_ID, PLATFORM_NAME, TEMPLATE_ID, PLATFORM_NUMBER, PLATFORM_LAST_MODIFY_TIME, PLATFORM_CREATE_TIME, IS_DEFAULT_PLATFORM)
values ('9F2AD6C7AF0F4AC6BC5434FFCB96A1EB', '39062', '超级工作台', '03', 0, to_date('22-08-2014 10:33:00', 'dd-mm-yyyy hh24:mi:ss'), to_date('22-08-2014 10:33:00', 'dd-mm-yyyy hh24:mi:ss'), '1');
insert into WORKBENCH_PLATFORM (PLATFORM_ID, USER_ID, PLATFORM_NAME, TEMPLATE_ID, PLATFORM_NUMBER, PLATFORM_LAST_MODIFY_TIME, PLATFORM_CREATE_TIME, IS_DEFAULT_PLATFORM)
values ('A06D2FFFEE76476CB02B5124DF17A2A3', '00055591', '地市级领导工作台', '02', 0, to_date('23-08-2014 15:10:27', 'dd-mm-yyyy hh24:mi:ss'), to_date('23-08-2014 15:10:27', 'dd-mm-yyyy hh24:mi:ss'), '1');
insert into WORKBENCH_PLATFORM (PLATFORM_ID, USER_ID, PLATFORM_NAME, TEMPLATE_ID, PLATFORM_NUMBER, PLATFORM_LAST_MODIFY_TIME, PLATFORM_CREATE_TIME, IS_DEFAULT_PLATFORM)
values ('4BD668984A8645959D418513E6A99E37', 'SuperAdmin', '超级工作台', '03', 0, to_date('09-09-2014 10:14:51', 'dd-mm-yyyy hh24:mi:ss'), null, '1');
insert into WORKBENCH_PLATFORM (PLATFORM_ID, USER_ID, PLATFORM_NAME, TEMPLATE_ID, PLATFORM_NUMBER, PLATFORM_LAST_MODIFY_TIME, PLATFORM_CREATE_TIME, IS_DEFAULT_PLATFORM)
values ('3F9BD253FDDA48A989ADD4ECF5BEBB5E', '00055591', '省级领导工作台', '01', 1, to_date('23-08-2014 15:10:28', 'dd-mm-yyyy hh24:mi:ss'), to_date('23-08-2014 15:10:28', 'dd-mm-yyyy hh24:mi:ss'), '1');
insert into WORKBENCH_PLATFORM (PLATFORM_ID, USER_ID, PLATFORM_NAME, TEMPLATE_ID, PLATFORM_NUMBER, PLATFORM_LAST_MODIFY_TIME, PLATFORM_CREATE_TIME, IS_DEFAULT_PLATFORM)
values ('243E557ED843402FAFA235B282EE5C86', '98D9C1D993D7456B93430A28D57FA4E3', '超级工作台', '03', 0, to_date('26-08-2014 16:58:52', 'dd-mm-yyyy hh24:mi:ss'), to_date('26-08-2014 16:58:52', 'dd-mm-yyyy hh24:mi:ss'), '1');
insert into WORKBENCH_PLATFORM (PLATFORM_ID, USER_ID, PLATFORM_NAME, TEMPLATE_ID, PLATFORM_NUMBER, PLATFORM_LAST_MODIFY_TIME, PLATFORM_CREATE_TIME, IS_DEFAULT_PLATFORM)
values ('5D6A2A734DC94E5B93E147CCC1275B25', 'A6087ED08833484FBA8545C10B06BC4B', '超级工作台', '03', 0, to_date('27-08-2014 10:13:17', 'dd-mm-yyyy hh24:mi:ss'), to_date('27-08-2014 10:13:17', 'dd-mm-yyyy hh24:mi:ss'), '1');
insert into WORKBENCH_PLATFORM (PLATFORM_ID, USER_ID, PLATFORM_NAME, TEMPLATE_ID, PLATFORM_NUMBER, PLATFORM_LAST_MODIFY_TIME, PLATFORM_CREATE_TIME, IS_DEFAULT_PLATFORM)
values ('83D4917DDA334CF6AF1C7F4729ABA941', 'FEBE94D41D1647E7B0A19BF29780F11D', '超级工作台', '03', 0, to_date('28-08-2014 16:17:10', 'dd-mm-yyyy hh24:mi:ss'), to_date('28-08-2014 16:17:10', 'dd-mm-yyyy hh24:mi:ss'), '1');
insert into WORKBENCH_PLATFORM (PLATFORM_ID, USER_ID, PLATFORM_NAME, TEMPLATE_ID, PLATFORM_NUMBER, PLATFORM_LAST_MODIFY_TIME, PLATFORM_CREATE_TIME, IS_DEFAULT_PLATFORM)
values ('92A29B9641384E1B815F9929B3046187', '5DAA4B21827B42158CE05944F459540C', '超级工作台', '03', 0, to_date('29-08-2014 10:45:55', 'dd-mm-yyyy hh24:mi:ss'), to_date('29-08-2014 10:45:55', 'dd-mm-yyyy hh24:mi:ss'), '1');
insert into WORKBENCH_PLATFORM (PLATFORM_ID, USER_ID, PLATFORM_NAME, TEMPLATE_ID, PLATFORM_NUMBER, PLATFORM_LAST_MODIFY_TIME, PLATFORM_CREATE_TIME, IS_DEFAULT_PLATFORM)
values ('EEDE92F538A14B638E83E3236D04AE4A', 'SuperAdmin', 'test', '6120FED0B90B4614BA163EBC1BDC1165', 4, to_date('09-09-2014 10:56:17', 'dd-mm-yyyy hh24:mi:ss'), to_date('09-09-2014 10:56:17', 'dd-mm-yyyy hh24:mi:ss'), '0');
insert into WORKBENCH_PLATFORM (PLATFORM_ID, USER_ID, PLATFORM_NAME, TEMPLATE_ID, PLATFORM_NUMBER, PLATFORM_LAST_MODIFY_TIME, PLATFORM_CREATE_TIME, IS_DEFAULT_PLATFORM)
values ('7F2841F04EF8496EBF40286FC38A3980', '13EE75FCBF774024AA4B07A5C8D6F870', '地市级领导工作台', '02', 0, to_date('20-08-2014 15:32:39', 'dd-mm-yyyy hh24:mi:ss'), to_date('20-08-2014 15:32:39', 'dd-mm-yyyy hh24:mi:ss'), '1');
insert into WORKBENCH_PLATFORM (PLATFORM_ID, USER_ID, PLATFORM_NAME, TEMPLATE_ID, PLATFORM_NUMBER, PLATFORM_LAST_MODIFY_TIME, PLATFORM_CREATE_TIME, IS_DEFAULT_PLATFORM)
values ('3E43DAC6BD604463BF96C209C68B7C64', '13EE75FCBF774024AA4B07A5C8D6F870', '省级领导工作台', '01', 1, to_date('20-08-2014 15:32:39', 'dd-mm-yyyy hh24:mi:ss'), to_date('20-08-2014 15:32:39', 'dd-mm-yyyy hh24:mi:ss'), '1');
insert into WORKBENCH_PLATFORM (PLATFORM_ID, USER_ID, PLATFORM_NAME, TEMPLATE_ID, PLATFORM_NUMBER, PLATFORM_LAST_MODIFY_TIME, PLATFORM_CREATE_TIME, IS_DEFAULT_PLATFORM)
values ('312ED7ACA7C34E5CA4966A3FF68D9329', '00002150.zh', '超级工作台', '03', 0, to_date('28-08-2014 15:21:41', 'dd-mm-yyyy hh24:mi:ss'), to_date('28-08-2014 15:21:41', 'dd-mm-yyyy hh24:mi:ss'), '1');
insert into WORKBENCH_PLATFORM (PLATFORM_ID, USER_ID, PLATFORM_NAME, TEMPLATE_ID, PLATFORM_NUMBER, PLATFORM_LAST_MODIFY_TIME, PLATFORM_CREATE_TIME, IS_DEFAULT_PLATFORM)
values ('FAFB960D375D46BC853809D98969432D', '7989B48F42DE40F6A188A9D4B98A39F0', '超级工作台', '03', 0, to_date('28-08-2014 15:34:21', 'dd-mm-yyyy hh24:mi:ss'), to_date('28-08-2014 15:34:21', 'dd-mm-yyyy hh24:mi:ss'), '1');
insert into WORKBENCH_PLATFORM (PLATFORM_ID, USER_ID, PLATFORM_NAME, TEMPLATE_ID, PLATFORM_NUMBER, PLATFORM_LAST_MODIFY_TIME, PLATFORM_CREATE_TIME, IS_DEFAULT_PLATFORM)
values ('D176620F5B7A4A3DAAF5D5A54769A75F', '0776B5BDCB24463F94B6F7C9B0C33482', '超级工作台', '03', 0, to_date('28-08-2014 15:37:31', 'dd-mm-yyyy hh24:mi:ss'), to_date('28-08-2014 15:37:31', 'dd-mm-yyyy hh24:mi:ss'), '1');
insert into WORKBENCH_PLATFORM (PLATFORM_ID, USER_ID, PLATFORM_NAME, TEMPLATE_ID, PLATFORM_NUMBER, PLATFORM_LAST_MODIFY_TIME, PLATFORM_CREATE_TIME, IS_DEFAULT_PLATFORM)
values ('815DF0D47FC04B8095D9D8E31634510C', 'DD03329227494D36AAF67C19FBA55DFA', '超级工作台', '03', 0, to_date('28-08-2014 16:17:26', 'dd-mm-yyyy hh24:mi:ss'), to_date('28-08-2014 16:17:26', 'dd-mm-yyyy hh24:mi:ss'), '1');
insert into WORKBENCH_PLATFORM (PLATFORM_ID, USER_ID, PLATFORM_NAME, TEMPLATE_ID, PLATFORM_NUMBER, PLATFORM_LAST_MODIFY_TIME, PLATFORM_CREATE_TIME, IS_DEFAULT_PLATFORM)
values ('AFBEBE36853E4DCDB37D8575E2829DD8', 'CF6F1E3DDD9349A49E02A0E428A90436', '省级领导工作台', '01', 0, to_date('28-08-2014 17:41:12', 'dd-mm-yyyy hh24:mi:ss'), to_date('28-08-2014 17:41:12', 'dd-mm-yyyy hh24:mi:ss'), '1');
insert into WORKBENCH_PLATFORM (PLATFORM_ID, USER_ID, PLATFORM_NAME, TEMPLATE_ID, PLATFORM_NUMBER, PLATFORM_LAST_MODIFY_TIME, PLATFORM_CREATE_TIME, IS_DEFAULT_PLATFORM)
values ('6E195FCF69BB4691A51A0A59BEDAD22D', 'CF6F1E3DDD9349A49E02A0E428A90436', '地市级领导工作台', '02', 1, to_date('28-08-2014 17:41:12', 'dd-mm-yyyy hh24:mi:ss'), to_date('28-08-2014 17:41:12', 'dd-mm-yyyy hh24:mi:ss'), '1');
insert into WORKBENCH_PLATFORM (PLATFORM_ID, USER_ID, PLATFORM_NAME, TEMPLATE_ID, PLATFORM_NUMBER, PLATFORM_LAST_MODIFY_TIME, PLATFORM_CREATE_TIME, IS_DEFAULT_PLATFORM)
values ('94F3EF11D6C742219BB246E7C5F9A605', '49B6875E0BCB40598F8A2A524227A775', '超级工作台', '03', 0, to_date('02-09-2014 19:10:34', 'dd-mm-yyyy hh24:mi:ss'), to_date('02-09-2014 19:10:34', 'dd-mm-yyyy hh24:mi:ss'), '1');
insert into WORKBENCH_PLATFORM (PLATFORM_ID, USER_ID, PLATFORM_NAME, TEMPLATE_ID, PLATFORM_NUMBER, PLATFORM_LAST_MODIFY_TIME, PLATFORM_CREATE_TIME, IS_DEFAULT_PLATFORM)
values ('0EDF385CB7CA4665AFBD64CAA80EFE82', '01908875.hz', '超级工作台', '03', 0, to_date('03-09-2014 10:27:09', 'dd-mm-yyyy hh24:mi:ss'), to_date('03-09-2014 10:27:09', 'dd-mm-yyyy hh24:mi:ss'), '1');
insert into WORKBENCH_PLATFORM (PLATFORM_ID, USER_ID, PLATFORM_NAME, TEMPLATE_ID, PLATFORM_NUMBER, PLATFORM_LAST_MODIFY_TIME, PLATFORM_CREATE_TIME, IS_DEFAULT_PLATFORM)
values ('4379D94265E04D749DF4EE43E1A05E0E', '8F5EFC69D8AE48E5A9B6CBD5E528122D', '超级工作台', '03', 0, to_date('03-09-2014 16:44:58', 'dd-mm-yyyy hh24:mi:ss'), to_date('03-09-2014 16:44:58', 'dd-mm-yyyy hh24:mi:ss'), '1');
insert into WORKBENCH_PLATFORM (PLATFORM_ID, USER_ID, PLATFORM_NAME, TEMPLATE_ID, PLATFORM_NUMBER, PLATFORM_LAST_MODIFY_TIME, PLATFORM_CREATE_TIME, IS_DEFAULT_PLATFORM)
values ('2DD4B9160B084A808C4015ABDCDF6421', 'SuperAdmin', '地市局', '04', 2, to_date('05-09-2014 18:10:57', 'dd-mm-yyyy hh24:mi:ss'), null, '0');
insert into WORKBENCH_PLATFORM (PLATFORM_ID, USER_ID, PLATFORM_NAME, TEMPLATE_ID, PLATFORM_NUMBER, PLATFORM_LAST_MODIFY_TIME, PLATFORM_CREATE_TIME, IS_DEFAULT_PLATFORM)
values ('6D058E6F74E34C03AF692E9D4466E881', '00002850', '超级工作台', '03', 0, to_date('20-08-2014 15:58:21', 'dd-mm-yyyy hh24:mi:ss'), to_date('20-08-2014 15:58:21', 'dd-mm-yyyy hh24:mi:ss'), '1');
insert into WORKBENCH_PLATFORM (PLATFORM_ID, USER_ID, PLATFORM_NAME, TEMPLATE_ID, PLATFORM_NUMBER, PLATFORM_LAST_MODIFY_TIME, PLATFORM_CREATE_TIME, IS_DEFAULT_PLATFORM)
values ('7C6AA06F0A964BCEB0640A4F110726A2', '00029650', '镇级领导工作台', '05', 1, to_date('20-08-2014 16:40:19', 'dd-mm-yyyy hh24:mi:ss'), to_date('20-08-2014 16:40:19', 'dd-mm-yyyy hh24:mi:ss'), '1');
insert into WORKBENCH_PLATFORM (PLATFORM_ID, USER_ID, PLATFORM_NAME, TEMPLATE_ID, PLATFORM_NUMBER, PLATFORM_LAST_MODIFY_TIME, PLATFORM_CREATE_TIME, IS_DEFAULT_PLATFORM)
values ('96526645F7EC4B038120B8D84870FB11', '00029650', '地市级领导工作台', '02', 0, to_date('20-08-2014 16:40:19', 'dd-mm-yyyy hh24:mi:ss'), to_date('20-08-2014 16:40:19', 'dd-mm-yyyy hh24:mi:ss'), '1');
insert into WORKBENCH_PLATFORM (PLATFORM_ID, USER_ID, PLATFORM_NAME, TEMPLATE_ID, PLATFORM_NUMBER, PLATFORM_LAST_MODIFY_TIME, PLATFORM_CREATE_TIME, IS_DEFAULT_PLATFORM)
values ('D2CC0CE864CA4551AABDFDD047BE151A', '00029650', '县级领导工作台', '04', 2, to_date('20-08-2014 16:40:19', 'dd-mm-yyyy hh24:mi:ss'), to_date('20-08-2014 16:40:19', 'dd-mm-yyyy hh24:mi:ss'), '1');
insert into WORKBENCH_PLATFORM (PLATFORM_ID, USER_ID, PLATFORM_NAME, TEMPLATE_ID, PLATFORM_NUMBER, PLATFORM_LAST_MODIFY_TIME, PLATFORM_CREATE_TIME, IS_DEFAULT_PLATFORM)
values ('FAFFD25233AD466AA0313F0A58FC0211', '1160E1A049A24C4EB80438ED6FCC1C9C', '超级工作台', '03', 0, to_date('23-08-2014 17:37:29', 'dd-mm-yyyy hh24:mi:ss'), to_date('23-08-2014 17:37:29', 'dd-mm-yyyy hh24:mi:ss'), '1');
insert into WORKBENCH_PLATFORM (PLATFORM_ID, USER_ID, PLATFORM_NAME, TEMPLATE_ID, PLATFORM_NUMBER, PLATFORM_LAST_MODIFY_TIME, PLATFORM_CREATE_TIME, IS_DEFAULT_PLATFORM)
values ('251D7AD980C24B09BE93E573ACF3891F', '5A12BFB4412E450C9FFCEFD80F872CA8', '超级工作台', '03', 0, to_date('26-08-2014 14:44:00', 'dd-mm-yyyy hh24:mi:ss'), to_date('26-08-2014 14:44:00', 'dd-mm-yyyy hh24:mi:ss'), '1');
insert into WORKBENCH_PLATFORM (PLATFORM_ID, USER_ID, PLATFORM_NAME, TEMPLATE_ID, PLATFORM_NUMBER, PLATFORM_LAST_MODIFY_TIME, PLATFORM_CREATE_TIME, IS_DEFAULT_PLATFORM)
values ('6FB9854FB4FA4451B1189C7A613AA1D4', '89804C1783684E4EACC476915F086BD7', '超级工作台', '03', 0, to_date('29-08-2014 10:09:06', 'dd-mm-yyyy hh24:mi:ss'), to_date('29-08-2014 10:09:06', 'dd-mm-yyyy hh24:mi:ss'), '1');
insert into WORKBENCH_PLATFORM (PLATFORM_ID, USER_ID, PLATFORM_NAME, TEMPLATE_ID, PLATFORM_NUMBER, PLATFORM_LAST_MODIFY_TIME, PLATFORM_CREATE_TIME, IS_DEFAULT_PLATFORM)
values ('677132D8B84D4580BCC56B6BA84EC4C1', '33369', '地市级领导工作台', '02', 0, to_date('03-09-2014 11:28:00', 'dd-mm-yyyy hh24:mi:ss'), null, '1');
insert into WORKBENCH_PLATFORM (PLATFORM_ID, USER_ID, PLATFORM_NAME, TEMPLATE_ID, PLATFORM_NUMBER, PLATFORM_LAST_MODIFY_TIME, PLATFORM_CREATE_TIME, IS_DEFAULT_PLATFORM)
values ('649CE4E3278E4416BE8BA620AF005750', '33369', '省级领导工作台', '01', 1, to_date('03-09-2014 10:17:24', 'dd-mm-yyyy hh24:mi:ss'), to_date('03-09-2014 10:17:24', 'dd-mm-yyyy hh24:mi:ss'), '1');
insert into WORKBENCH_PLATFORM (PLATFORM_ID, USER_ID, PLATFORM_NAME, TEMPLATE_ID, PLATFORM_NUMBER, PLATFORM_LAST_MODIFY_TIME, PLATFORM_CREATE_TIME, IS_DEFAULT_PLATFORM)
values ('9E336175E5FD4B50AC6A77F73AB44924', '00030956', '超级工作台', '03', 0, to_date('04-09-2014 15:07:37', 'dd-mm-yyyy hh24:mi:ss'), to_date('04-09-2014 15:07:37', 'dd-mm-yyyy hh24:mi:ss'), '1');
insert into WORKBENCH_PLATFORM (PLATFORM_ID, USER_ID, PLATFORM_NAME, TEMPLATE_ID, PLATFORM_NUMBER, PLATFORM_LAST_MODIFY_TIME, PLATFORM_CREATE_TIME, IS_DEFAULT_PLATFORM)
values ('1738AE50707E49B2984D445B3D589334', '6D4ABEB355C440DCA670B5DB28A19126', '超级工作台', '03', 0, to_date('20-08-2014 16:02:32', 'dd-mm-yyyy hh24:mi:ss'), to_date('20-08-2014 16:02:32', 'dd-mm-yyyy hh24:mi:ss'), '1');
insert into WORKBENCH_PLATFORM (PLATFORM_ID, USER_ID, PLATFORM_NAME, TEMPLATE_ID, PLATFORM_NUMBER, PLATFORM_LAST_MODIFY_TIME, PLATFORM_CREATE_TIME, IS_DEFAULT_PLATFORM)
values ('FFCFE271B12D47B9A811F24B75EC01F9', '5FF5E8D45A0649E0BCCE5DC3423C48FE', '超级工作台', '03', 0, to_date('28-08-2014 16:16:54', 'dd-mm-yyyy hh24:mi:ss'), to_date('28-08-2014 16:16:54', 'dd-mm-yyyy hh24:mi:ss'), '1');
insert into WORKBENCH_PLATFORM (PLATFORM_ID, USER_ID, PLATFORM_NAME, TEMPLATE_ID, PLATFORM_NUMBER, PLATFORM_LAST_MODIFY_TIME, PLATFORM_CREATE_TIME, IS_DEFAULT_PLATFORM)
values ('E5FF8FC7A2CD4D568EEC24BB63717BE5', 'A6088CEF0DD248609723887A6D69710B', '超级工作台', '03', 0, to_date('28-08-2014 16:16:31', 'dd-mm-yyyy hh24:mi:ss'), to_date('28-08-2014 16:16:31', 'dd-mm-yyyy hh24:mi:ss'), '1');
insert into WORKBENCH_PLATFORM (PLATFORM_ID, USER_ID, PLATFORM_NAME, TEMPLATE_ID, PLATFORM_NUMBER, PLATFORM_LAST_MODIFY_TIME, PLATFORM_CREATE_TIME, IS_DEFAULT_PLATFORM)
values ('8EA2FA16FA394CA093610C5F00DE75D6', 'D7659086A18A4D51872C9D930D0F5E85', '超级工作台', '03', 0, to_date('29-08-2014 10:10:22', 'dd-mm-yyyy hh24:mi:ss'), to_date('29-08-2014 10:10:22', 'dd-mm-yyyy hh24:mi:ss'), '1');
insert into WORKBENCH_PLATFORM (PLATFORM_ID, USER_ID, PLATFORM_NAME, TEMPLATE_ID, PLATFORM_NUMBER, PLATFORM_LAST_MODIFY_TIME, PLATFORM_CREATE_TIME, IS_DEFAULT_PLATFORM)
values ('1C415730D51B41E68C0F514D7229BD3F', '33870', '超级工作台', '03', 0, to_date('03-09-2014 10:24:07', 'dd-mm-yyyy hh24:mi:ss'), to_date('03-09-2014 10:24:07', 'dd-mm-yyyy hh24:mi:ss'), '1');
insert into WORKBENCH_PLATFORM (PLATFORM_ID, USER_ID, PLATFORM_NAME, TEMPLATE_ID, PLATFORM_NUMBER, PLATFORM_LAST_MODIFY_TIME, PLATFORM_CREATE_TIME, IS_DEFAULT_PLATFORM)
values ('38461898CCAF47C4A0C851289245C453', '3153FEA6555E430F8BF80D479EFF949A', '超级工作台', '03', 0, to_date('03-09-2014 17:24:44', 'dd-mm-yyyy hh24:mi:ss'), to_date('03-09-2014 17:24:44', 'dd-mm-yyyy hh24:mi:ss'), '1');
insert into WORKBENCH_PLATFORM (PLATFORM_ID, USER_ID, PLATFORM_NAME, TEMPLATE_ID, PLATFORM_NUMBER, PLATFORM_LAST_MODIFY_TIME, PLATFORM_CREATE_TIME, IS_DEFAULT_PLATFORM)
values ('BD11F061FCAD4328A6A3E24F87A3389C', 'A75B0C23BAA44E7AA7FB79B4DBBDB49A', '超级工作台', '03', 0, to_date('03-09-2014 17:29:20', 'dd-mm-yyyy hh24:mi:ss'), to_date('03-09-2014 17:29:20', 'dd-mm-yyyy hh24:mi:ss'), '1');
insert into WORKBENCH_PLATFORM (PLATFORM_ID, USER_ID, PLATFORM_NAME, TEMPLATE_ID, PLATFORM_NUMBER, PLATFORM_LAST_MODIFY_TIME, PLATFORM_CREATE_TIME, IS_DEFAULT_PLATFORM)
values ('030CAF1AA62D412EB2D613E763D7DF48', 'SuperAdmin', '想行行行行行行', '2EBDD2853FE1495ABE340D7D2B27A6C5', 3, to_date('05-09-2014 18:12:05', 'dd-mm-yyyy hh24:mi:ss'), null, '0');
insert into WORKBENCH_PLATFORM (PLATFORM_ID, USER_ID, PLATFORM_NAME, TEMPLATE_ID, PLATFORM_NUMBER, PLATFORM_LAST_MODIFY_TIME, PLATFORM_CREATE_TIME, IS_DEFAULT_PLATFORM)
values ('1C8225D636E646588C9D2C22A2E5BCD3', '02919846.jm', '超级工作台', '03', 0, to_date('20-08-2014 15:48:40', 'dd-mm-yyyy hh24:mi:ss'), to_date('20-08-2014 15:48:40', 'dd-mm-yyyy hh24:mi:ss'), '1');
insert into WORKBENCH_PLATFORM (PLATFORM_ID, USER_ID, PLATFORM_NAME, TEMPLATE_ID, PLATFORM_NUMBER, PLATFORM_LAST_MODIFY_TIME, PLATFORM_CREATE_TIME, IS_DEFAULT_PLATFORM)
values ('A36E908E127045F1966B5954DAC87367', '00013289', '地市级领导工作台', '02', 0, to_date('23-08-2014 13:47:52', 'dd-mm-yyyy hh24:mi:ss'), to_date('23-08-2014 13:47:52', 'dd-mm-yyyy hh24:mi:ss'), '1');
insert into WORKBENCH_PLATFORM (PLATFORM_ID, USER_ID, PLATFORM_NAME, TEMPLATE_ID, PLATFORM_NUMBER, PLATFORM_LAST_MODIFY_TIME, PLATFORM_CREATE_TIME, IS_DEFAULT_PLATFORM)
values ('EFA8263B4A884C8E8ED6036489A1ACE8', '00013289', '镇级领导工作台', '05', 1, to_date('23-08-2014 13:47:53', 'dd-mm-yyyy hh24:mi:ss'), to_date('23-08-2014 13:47:53', 'dd-mm-yyyy hh24:mi:ss'), '1');
insert into WORKBENCH_PLATFORM (PLATFORM_ID, USER_ID, PLATFORM_NAME, TEMPLATE_ID, PLATFORM_NUMBER, PLATFORM_LAST_MODIFY_TIME, PLATFORM_CREATE_TIME, IS_DEFAULT_PLATFORM)
values ('D21CA0ECF76C41409041C9A4054D70A4', '00013289', '县级领导工作台', '04', 2, to_date('23-08-2014 13:47:54', 'dd-mm-yyyy hh24:mi:ss'), to_date('23-08-2014 13:47:54', 'dd-mm-yyyy hh24:mi:ss'), '1');
insert into WORKBENCH_PLATFORM (PLATFORM_ID, USER_ID, PLATFORM_NAME, TEMPLATE_ID, PLATFORM_NUMBER, PLATFORM_LAST_MODIFY_TIME, PLATFORM_CREATE_TIME, IS_DEFAULT_PLATFORM)
values ('4FB9135965004CC4B2D75B9C0C91AF76', '6891387A0FB1437AB713EB23BEFCAB8A', '超级工作台', '03', 0, to_date('25-08-2014 17:17:45', 'dd-mm-yyyy hh24:mi:ss'), to_date('25-08-2014 17:17:45', 'dd-mm-yyyy hh24:mi:ss'), '1');
insert into WORKBENCH_PLATFORM (PLATFORM_ID, USER_ID, PLATFORM_NAME, TEMPLATE_ID, PLATFORM_NUMBER, PLATFORM_LAST_MODIFY_TIME, PLATFORM_CREATE_TIME, IS_DEFAULT_PLATFORM)
values ('6D9AC46F0CA740D296FF14E62ED703FD', 'SuperAdmin', '地市级领导工作台', '02', 0, to_date('09-09-2014 09:51:00', 'dd-mm-yyyy hh24:mi:ss'), null, '0');
insert into WORKBENCH_PLATFORM (PLATFORM_ID, USER_ID, PLATFORM_NAME, TEMPLATE_ID, PLATFORM_NUMBER, PLATFORM_LAST_MODIFY_TIME, PLATFORM_CREATE_TIME, IS_DEFAULT_PLATFORM)
values ('8BF66117DCE5483B88D761E1B803A4EE', '000000004206.SG', '超级工作台', '03', 0, to_date('03-09-2014 10:17:51', 'dd-mm-yyyy hh24:mi:ss'), to_date('03-09-2014 10:17:51', 'dd-mm-yyyy hh24:mi:ss'), '1');
insert into WORKBENCH_PLATFORM (PLATFORM_ID, USER_ID, PLATFORM_NAME, TEMPLATE_ID, PLATFORM_NUMBER, PLATFORM_LAST_MODIFY_TIME, PLATFORM_CREATE_TIME, IS_DEFAULT_PLATFORM)
values ('441BDC2358F34196962CBA8D7A585D89', '33167', '超级工作台', '03', 0, to_date('04-09-2014 15:07:26', 'dd-mm-yyyy hh24:mi:ss'), to_date('04-09-2014 15:07:26', 'dd-mm-yyyy hh24:mi:ss'), '1');
commit;
prompt 49 records loaded
prompt Loading WORKBENCH_PLATFORM_PORTLET...
insert into WORKBENCH_PLATFORM_PORTLET (ID, PLATFORM_ID, PORTLET_ID, EDITABLE, SELF_NAME, ADD_TIME, PT_ORDER)
values ('CBE8B51A73D243FBBAC405D52EB7D816', 'BCB7E9D893DD4081AD00E89B7781A75F', '02', '0', null, to_date('22-08-2014 09:43:15', 'dd-mm-yyyy hh24:mi:ss'), 2);
insert into WORKBENCH_PLATFORM_PORTLET (ID, PLATFORM_ID, PORTLET_ID, EDITABLE, SELF_NAME, ADD_TIME, PT_ORDER)
values ('672AD044564E46C0A8942187E3FD602A', 'BCB7E9D893DD4081AD00E89B7781A75F', '03', '0', null, to_date('22-08-2014 09:43:15', 'dd-mm-yyyy hh24:mi:ss'), 3);
insert into WORKBENCH_PLATFORM_PORTLET (ID, PLATFORM_ID, PORTLET_ID, EDITABLE, SELF_NAME, ADD_TIME, PT_ORDER)
values ('6879355328DD4A5A928E8919CBD8512B', 'BCB7E9D893DD4081AD00E89B7781A75F', '04', '0', null, to_date('22-08-2014 09:43:15', 'dd-mm-yyyy hh24:mi:ss'), 4);
insert into WORKBENCH_PLATFORM_PORTLET (ID, PLATFORM_ID, PORTLET_ID, EDITABLE, SELF_NAME, ADD_TIME, PT_ORDER)
values ('6148A15AB1FF4BC6BD733613754342FA', 'BCB7E9D893DD4081AD00E89B7781A75F', '10', '0', null, to_date('22-08-2014 09:43:15', 'dd-mm-yyyy hh24:mi:ss'), 9);
insert into WORKBENCH_PLATFORM_PORTLET (ID, PLATFORM_ID, PORTLET_ID, EDITABLE, SELF_NAME, ADD_TIME, PT_ORDER)
values ('51C1597F0B6E4CB88AAB6BDA926AC6D0', 'BCB7E9D893DD4081AD00E89B7781A75F', '09', '0', null, to_date('22-08-2014 09:43:15', 'dd-mm-yyyy hh24:mi:ss'), 9);
insert into WORKBENCH_PLATFORM_PORTLET (ID, PLATFORM_ID, PORTLET_ID, EDITABLE, SELF_NAME, ADD_TIME, PT_ORDER)
values ('C91CD5F57D8B4C979863850E6C155C5A', 'BCB7E9D893DD4081AD00E89B7781A75F', '08', '0', null, to_date('22-08-2014 09:43:15', 'dd-mm-yyyy hh24:mi:ss'), 8);
insert into WORKBENCH_PLATFORM_PORTLET (ID, PLATFORM_ID, PORTLET_ID, EDITABLE, SELF_NAME, ADD_TIME, PT_ORDER)
values ('EDD5681453454B18B4E44FEA90C2E3C2', 'BCB7E9D893DD4081AD00E89B7781A75F', '07', '0', null, to_date('22-08-2014 09:43:15', 'dd-mm-yyyy hh24:mi:ss'), 7);
insert into WORKBENCH_PLATFORM_PORTLET (ID, PLATFORM_ID, PORTLET_ID, EDITABLE, SELF_NAME, ADD_TIME, PT_ORDER)
values ('EC5283EBD59E439C8C517AFAA2E4BF4B', 'B59EB32B522C49A5B7F040BC27CE1FF3', '01', '0', null, to_date('21-08-2014 11:00:20', 'dd-mm-yyyy hh24:mi:ss'), 1);
insert into WORKBENCH_PLATFORM_PORTLET (ID, PLATFORM_ID, PORTLET_ID, EDITABLE, SELF_NAME, ADD_TIME, PT_ORDER)
values ('A15A3692066E4741A115218B803ED9D5', 'B59EB32B522C49A5B7F040BC27CE1FF3', '02', '0', null, to_date('21-08-2014 11:00:20', 'dd-mm-yyyy hh24:mi:ss'), 2);
insert into WORKBENCH_PLATFORM_PORTLET (ID, PLATFORM_ID, PORTLET_ID, EDITABLE, SELF_NAME, ADD_TIME, PT_ORDER)
values ('585434F238CC45F4B39CDF12F7D980F3', 'B59EB32B522C49A5B7F040BC27CE1FF3', '03', '0', null, to_date('21-08-2014 11:00:20', 'dd-mm-yyyy hh24:mi:ss'), 3);
insert into WORKBENCH_PLATFORM_PORTLET (ID, PLATFORM_ID, PORTLET_ID, EDITABLE, SELF_NAME, ADD_TIME, PT_ORDER)
values ('35B6F0FE90E64C349896F0606EDF3C47', 'B59EB32B522C49A5B7F040BC27CE1FF3', '04', '0', null, to_date('21-08-2014 11:00:20', 'dd-mm-yyyy hh24:mi:ss'), 4);
insert into WORKBENCH_PLATFORM_PORTLET (ID, PLATFORM_ID, PORTLET_ID, EDITABLE, SELF_NAME, ADD_TIME, PT_ORDER)
values ('B90D9E7D5B824862A31E32E2939CA975', 'B59EB32B522C49A5B7F040BC27CE1FF3', '10', '0', null, to_date('21-08-2014 11:00:20', 'dd-mm-yyyy hh24:mi:ss'), 9);
insert into WORKBENCH_PLATFORM_PORTLET (ID, PLATFORM_ID, PORTLET_ID, EDITABLE, SELF_NAME, ADD_TIME, PT_ORDER)
values ('72CE1055AE334E58A6C65538DEB79E3B', 'B59EB32B522C49A5B7F040BC27CE1FF3', '09', '0', null, to_date('21-08-2014 11:00:20', 'dd-mm-yyyy hh24:mi:ss'), 9);
insert into WORKBENCH_PLATFORM_PORTLET (ID, PLATFORM_ID, PORTLET_ID, EDITABLE, SELF_NAME, ADD_TIME, PT_ORDER)
values ('8641456A61FE49CBB99CCE9DCBC5D859', 'B59EB32B522C49A5B7F040BC27CE1FF3', '08', '0', null, to_date('21-08-2014 11:00:20', 'dd-mm-yyyy hh24:mi:ss'), 8);
insert into WORKBENCH_PLATFORM_PORTLET (ID, PLATFORM_ID, PORTLET_ID, EDITABLE, SELF_NAME, ADD_TIME, PT_ORDER)
values ('891E3214306A4D848733C6942F279BE7', 'B59EB32B522C49A5B7F040BC27CE1FF3', '07', '0', null, to_date('21-08-2014 11:00:20', 'dd-mm-yyyy hh24:mi:ss'), 7);
insert into WORKBENCH_PLATFORM_PORTLET (ID, PLATFORM_ID, PORTLET_ID, EDITABLE, SELF_NAME, ADD_TIME, PT_ORDER)
values ('1FA66ADB54164760A696B04AA199B232', 'B59EB32B522C49A5B7F040BC27CE1FF3', '06', '0', null, to_date('21-08-2014 11:00:20', 'dd-mm-yyyy hh24:mi:ss'), 6);
insert into WORKBENCH_PLATFORM_PORTLET (ID, PLATFORM_ID, PORTLET_ID, EDITABLE, SELF_NAME, ADD_TIME, PT_ORDER)
values ('71EF9231208E4B388B27F37B4AAE1B07', 'B59EB32B522C49A5B7F040BC27CE1FF3', '05', '0', null, to_date('21-08-2014 11:00:20', 'dd-mm-yyyy hh24:mi:ss'), 5);
insert into WORKBENCH_PLATFORM_PORTLET (ID, PLATFORM_ID, PORTLET_ID, EDITABLE, SELF_NAME, ADD_TIME, PT_ORDER)
values ('C93E259312184C308B5752D34223BE65', 'BCB7E9D893DD4081AD00E89B7781A75F', '01', '0', null, to_date('22-08-2014 09:43:15', 'dd-mm-yyyy hh24:mi:ss'), 1);
insert into WORKBENCH_PLATFORM_PORTLET (ID, PLATFORM_ID, PORTLET_ID, EDITABLE, SELF_NAME, ADD_TIME, PT_ORDER)
values ('A0A74EC706D146CC9D2BFD2FA893B43E', 'BCB7E9D893DD4081AD00E89B7781A75F', '06', '0', null, to_date('22-08-2014 09:43:15', 'dd-mm-yyyy hh24:mi:ss'), 6);
insert into WORKBENCH_PLATFORM_PORTLET (ID, PLATFORM_ID, PORTLET_ID, EDITABLE, SELF_NAME, ADD_TIME, PT_ORDER)
values ('8501E28B18384318A8D4846199273FD4', 'BCB7E9D893DD4081AD00E89B7781A75F', '05', '0', null, to_date('22-08-2014 09:43:15', 'dd-mm-yyyy hh24:mi:ss'), 5);
insert into WORKBENCH_PLATFORM_PORTLET (ID, PLATFORM_ID, PORTLET_ID, EDITABLE, SELF_NAME, ADD_TIME, PT_ORDER)
values ('61E9EE01A1304106ABF6687FA4F075B4', '9F2AD6C7AF0F4AC6BC5434FFCB96A1EB', '01', '0', null, to_date('22-08-2014 10:33:00', 'dd-mm-yyyy hh24:mi:ss'), 1);
insert into WORKBENCH_PLATFORM_PORTLET (ID, PLATFORM_ID, PORTLET_ID, EDITABLE, SELF_NAME, ADD_TIME, PT_ORDER)
values ('E05B0C6846404E8ABF0FCD21461533E2', '9F2AD6C7AF0F4AC6BC5434FFCB96A1EB', '02', '0', null, to_date('22-08-2014 10:33:01', 'dd-mm-yyyy hh24:mi:ss'), 2);
insert into WORKBENCH_PLATFORM_PORTLET (ID, PLATFORM_ID, PORTLET_ID, EDITABLE, SELF_NAME, ADD_TIME, PT_ORDER)
values ('4AE9AA440DF0444AA35DD8990CBEB534', '9F2AD6C7AF0F4AC6BC5434FFCB96A1EB', '03', '0', null, to_date('22-08-2014 10:33:01', 'dd-mm-yyyy hh24:mi:ss'), 3);
insert into WORKBENCH_PLATFORM_PORTLET (ID, PLATFORM_ID, PORTLET_ID, EDITABLE, SELF_NAME, ADD_TIME, PT_ORDER)
values ('D00A53534A344F63909E21D4DA446E36', '9F2AD6C7AF0F4AC6BC5434FFCB96A1EB', '04', '0', null, to_date('22-08-2014 10:33:01', 'dd-mm-yyyy hh24:mi:ss'), 4);
insert into WORKBENCH_PLATFORM_PORTLET (ID, PLATFORM_ID, PORTLET_ID, EDITABLE, SELF_NAME, ADD_TIME, PT_ORDER)
values ('81F5563C09394E418CB0E3C8BC3CAA88', '9F2AD6C7AF0F4AC6BC5434FFCB96A1EB', '10', '0', null, to_date('22-08-2014 10:33:01', 'dd-mm-yyyy hh24:mi:ss'), 9);
insert into WORKBENCH_PLATFORM_PORTLET (ID, PLATFORM_ID, PORTLET_ID, EDITABLE, SELF_NAME, ADD_TIME, PT_ORDER)
values ('B572875831EE46B389CB0C0869961AC7', '9F2AD6C7AF0F4AC6BC5434FFCB96A1EB', '09', '0', null, to_date('22-08-2014 10:33:01', 'dd-mm-yyyy hh24:mi:ss'), 9);
insert into WORKBENCH_PLATFORM_PORTLET (ID, PLATFORM_ID, PORTLET_ID, EDITABLE, SELF_NAME, ADD_TIME, PT_ORDER)
values ('78D22E142BF5436EAC8CE725CE704E73', '9F2AD6C7AF0F4AC6BC5434FFCB96A1EB', '08', '0', null, to_date('22-08-2014 10:33:01', 'dd-mm-yyyy hh24:mi:ss'), 8);
insert into WORKBENCH_PLATFORM_PORTLET (ID, PLATFORM_ID, PORTLET_ID, EDITABLE, SELF_NAME, ADD_TIME, PT_ORDER)
values ('893DAFA350254EA08448F9C0AC712F01', '9F2AD6C7AF0F4AC6BC5434FFCB96A1EB', '07', '0', null, to_date('22-08-2014 10:33:01', 'dd-mm-yyyy hh24:mi:ss'), 7);
insert into WORKBENCH_PLATFORM_PORTLET (ID, PLATFORM_ID, PORTLET_ID, EDITABLE, SELF_NAME, ADD_TIME, PT_ORDER)
values ('835DD58D976E4FCB8B303334B4DE2C80', '9F2AD6C7AF0F4AC6BC5434FFCB96A1EB', '06', '0', null, to_date('22-08-2014 10:33:01', 'dd-mm-yyyy hh24:mi:ss'), 6);
insert into WORKBENCH_PLATFORM_PORTLET (ID, PLATFORM_ID, PORTLET_ID, EDITABLE, SELF_NAME, ADD_TIME, PT_ORDER)
values ('09B574D0423F46E0AD290237B68E8CA9', '9F2AD6C7AF0F4AC6BC5434FFCB96A1EB', '05', '0', null, to_date('22-08-2014 10:33:01', 'dd-mm-yyyy hh24:mi:ss'), 5);
insert into WORKBENCH_PLATFORM_PORTLET (ID, PLATFORM_ID, PORTLET_ID, EDITABLE, SELF_NAME, ADD_TIME, PT_ORDER)
values ('E97E9D7A6BF14217B339D427CA63DC42', 'A06D2FFFEE76476CB02B5124DF17A2A3', '05', '0', null, to_date('23-08-2014 15:10:27', 'dd-mm-yyyy hh24:mi:ss'), 5);
insert into WORKBENCH_PLATFORM_PORTLET (ID, PLATFORM_ID, PORTLET_ID, EDITABLE, SELF_NAME, ADD_TIME, PT_ORDER)
values ('164049DD7E4C40629093ACFEA6F24CEC', 'A06D2FFFEE76476CB02B5124DF17A2A3', '06', '0', null, to_date('23-08-2014 15:10:27', 'dd-mm-yyyy hh24:mi:ss'), 1);
insert into WORKBENCH_PLATFORM_PORTLET (ID, PLATFORM_ID, PORTLET_ID, EDITABLE, SELF_NAME, ADD_TIME, PT_ORDER)
values ('A88E45265EDB40A191C0AB5D085D0994', 'A06D2FFFEE76476CB02B5124DF17A2A3', '07', '0', null, to_date('23-08-2014 15:10:27', 'dd-mm-yyyy hh24:mi:ss'), 2);
insert into WORKBENCH_PLATFORM_PORTLET (ID, PLATFORM_ID, PORTLET_ID, EDITABLE, SELF_NAME, ADD_TIME, PT_ORDER)
values ('4E587AC3C3BE4D11A1AAB269766EDAAB', 'A06D2FFFEE76476CB02B5124DF17A2A3', '08', '0', null, to_date('23-08-2014 15:10:27', 'dd-mm-yyyy hh24:mi:ss'), 3);
insert into WORKBENCH_PLATFORM_PORTLET (ID, PLATFORM_ID, PORTLET_ID, EDITABLE, SELF_NAME, ADD_TIME, PT_ORDER)
values ('B631BADAF88845629814E82E37C4BC4B', 'A06D2FFFEE76476CB02B5124DF17A2A3', '09', '0', null, to_date('23-08-2014 15:10:28', 'dd-mm-yyyy hh24:mi:ss'), 4);
insert into WORKBENCH_PLATFORM_PORTLET (ID, PLATFORM_ID, PORTLET_ID, EDITABLE, SELF_NAME, ADD_TIME, PT_ORDER)
values ('415FF1595EED43A0B22847A64A45FDD2', 'A06D2FFFEE76476CB02B5124DF17A2A3', '01', '0', null, to_date('23-08-2014 15:10:28', 'dd-mm-yyyy hh24:mi:ss'), 1);
insert into WORKBENCH_PLATFORM_PORTLET (ID, PLATFORM_ID, PORTLET_ID, EDITABLE, SELF_NAME, ADD_TIME, PT_ORDER)
values ('2F5064D385224E298C11B8224BE9DE98', 'A06D2FFFEE76476CB02B5124DF17A2A3', '02', '0', null, to_date('23-08-2014 15:10:28', 'dd-mm-yyyy hh24:mi:ss'), 2);
insert into WORKBENCH_PLATFORM_PORTLET (ID, PLATFORM_ID, PORTLET_ID, EDITABLE, SELF_NAME, ADD_TIME, PT_ORDER)
values ('5FD402FB9B9D4638A443D625ABCCBC07', 'A06D2FFFEE76476CB02B5124DF17A2A3', '03', '0', null, to_date('23-08-2014 15:10:28', 'dd-mm-yyyy hh24:mi:ss'), 3);
insert into WORKBENCH_PLATFORM_PORTLET (ID, PLATFORM_ID, PORTLET_ID, EDITABLE, SELF_NAME, ADD_TIME, PT_ORDER)
values ('E458369DE80244B2AC4333BA91EDF8B6', 'A06D2FFFEE76476CB02B5124DF17A2A3', '04', '0', null, to_date('23-08-2014 15:10:28', 'dd-mm-yyyy hh24:mi:ss'), 4);
insert into WORKBENCH_PLATFORM_PORTLET (ID, PLATFORM_ID, PORTLET_ID, EDITABLE, SELF_NAME, ADD_TIME, PT_ORDER)
values ('76C7E49DE21444548461050D80D25AD9', '3F9BD253FDDA48A989ADD4ECF5BEBB5E', '09', '0', null, to_date('23-08-2014 15:10:28', 'dd-mm-yyyy hh24:mi:ss'), 4);
insert into WORKBENCH_PLATFORM_PORTLET (ID, PLATFORM_ID, PORTLET_ID, EDITABLE, SELF_NAME, ADD_TIME, PT_ORDER)
values ('9E4F52EE3EA7495984BFCEA3425DC090', '3F9BD253FDDA48A989ADD4ECF5BEBB5E', '08', '0', null, to_date('23-08-2014 15:10:28', 'dd-mm-yyyy hh24:mi:ss'), 3);
insert into WORKBENCH_PLATFORM_PORTLET (ID, PLATFORM_ID, PORTLET_ID, EDITABLE, SELF_NAME, ADD_TIME, PT_ORDER)
values ('97AB086926044763B3436525D62DEDD9', '3F9BD253FDDA48A989ADD4ECF5BEBB5E', '07', '0', null, to_date('23-08-2014 15:10:28', 'dd-mm-yyyy hh24:mi:ss'), 2);
insert into WORKBENCH_PLATFORM_PORTLET (ID, PLATFORM_ID, PORTLET_ID, EDITABLE, SELF_NAME, ADD_TIME, PT_ORDER)
values ('262A4351D10649D89B461BF992B06D57', '3F9BD253FDDA48A989ADD4ECF5BEBB5E', '06', '0', null, to_date('23-08-2014 15:10:28', 'dd-mm-yyyy hh24:mi:ss'), 1);
insert into WORKBENCH_PLATFORM_PORTLET (ID, PLATFORM_ID, PORTLET_ID, EDITABLE, SELF_NAME, ADD_TIME, PT_ORDER)
values ('E513DA2EC50C48CDAC9528E04B733B6D', '3F9BD253FDDA48A989ADD4ECF5BEBB5E', '05', '0', null, to_date('23-08-2014 15:10:29', 'dd-mm-yyyy hh24:mi:ss'), 5);
insert into WORKBENCH_PLATFORM_PORTLET (ID, PLATFORM_ID, PORTLET_ID, EDITABLE, SELF_NAME, ADD_TIME, PT_ORDER)
values ('3AFF0CA5B0724B9A93B6F1A37552931B', '3F9BD253FDDA48A989ADD4ECF5BEBB5E', '04', '0', null, to_date('23-08-2014 15:10:29', 'dd-mm-yyyy hh24:mi:ss'), 4);
insert into WORKBENCH_PLATFORM_PORTLET (ID, PLATFORM_ID, PORTLET_ID, EDITABLE, SELF_NAME, ADD_TIME, PT_ORDER)
values ('10A44783167F4970AEE67A90587B600C', '3F9BD253FDDA48A989ADD4ECF5BEBB5E', '01', '0', null, to_date('23-08-2014 15:10:29', 'dd-mm-yyyy hh24:mi:ss'), 1);
insert into WORKBENCH_PLATFORM_PORTLET (ID, PLATFORM_ID, PORTLET_ID, EDITABLE, SELF_NAME, ADD_TIME, PT_ORDER)
values ('C5FF4372184E4D1998E1C7B9903F1703', '3F9BD253FDDA48A989ADD4ECF5BEBB5E', '02', '0', null, to_date('23-08-2014 15:10:29', 'dd-mm-yyyy hh24:mi:ss'), 2);
insert into WORKBENCH_PLATFORM_PORTLET (ID, PLATFORM_ID, PORTLET_ID, EDITABLE, SELF_NAME, ADD_TIME, PT_ORDER)
values ('65DAC951E1B247CD9F6EE2DD99DB278D', '3F9BD253FDDA48A989ADD4ECF5BEBB5E', '03', '0', null, to_date('23-08-2014 15:10:29', 'dd-mm-yyyy hh24:mi:ss'), 3);
insert into WORKBENCH_PLATFORM_PORTLET (ID, PLATFORM_ID, PORTLET_ID, EDITABLE, SELF_NAME, ADD_TIME, PT_ORDER)
values ('55D6626297A94C4C91FD0B6CF37E7CFE', '5D6A2A734DC94E5B93E147CCC1275B25', '01', '0', null, to_date('27-08-2014 10:13:17', 'dd-mm-yyyy hh24:mi:ss'), 1);
insert into WORKBENCH_PLATFORM_PORTLET (ID, PLATFORM_ID, PORTLET_ID, EDITABLE, SELF_NAME, ADD_TIME, PT_ORDER)
values ('8220F1D0A0ED4410B8E2DFF7092EB561', '5D6A2A734DC94E5B93E147CCC1275B25', '02', '0', null, to_date('27-08-2014 10:13:17', 'dd-mm-yyyy hh24:mi:ss'), 2);
insert into WORKBENCH_PLATFORM_PORTLET (ID, PLATFORM_ID, PORTLET_ID, EDITABLE, SELF_NAME, ADD_TIME, PT_ORDER)
values ('485E31397A4C491B8C81254ACBB098B5', '5D6A2A734DC94E5B93E147CCC1275B25', '03', '0', null, to_date('27-08-2014 10:13:17', 'dd-mm-yyyy hh24:mi:ss'), 3);
insert into WORKBENCH_PLATFORM_PORTLET (ID, PLATFORM_ID, PORTLET_ID, EDITABLE, SELF_NAME, ADD_TIME, PT_ORDER)
values ('472EF7C29B884521BC5CFF27F45EE480', '5D6A2A734DC94E5B93E147CCC1275B25', '04', '0', null, to_date('27-08-2014 10:13:17', 'dd-mm-yyyy hh24:mi:ss'), 4);
insert into WORKBENCH_PLATFORM_PORTLET (ID, PLATFORM_ID, PORTLET_ID, EDITABLE, SELF_NAME, ADD_TIME, PT_ORDER)
values ('7A1D469D925648898584385E12697093', '5D6A2A734DC94E5B93E147CCC1275B25', '10', '0', null, to_date('27-08-2014 10:13:17', 'dd-mm-yyyy hh24:mi:ss'), 9);
insert into WORKBENCH_PLATFORM_PORTLET (ID, PLATFORM_ID, PORTLET_ID, EDITABLE, SELF_NAME, ADD_TIME, PT_ORDER)
values ('5EC0861C62FA4D379A1C9CC072E48567', '5D6A2A734DC94E5B93E147CCC1275B25', '09', '0', null, to_date('27-08-2014 10:13:17', 'dd-mm-yyyy hh24:mi:ss'), 9);
insert into WORKBENCH_PLATFORM_PORTLET (ID, PLATFORM_ID, PORTLET_ID, EDITABLE, SELF_NAME, ADD_TIME, PT_ORDER)
values ('126E2DF859EA40CCA2BC8A7C80857AF7', '5D6A2A734DC94E5B93E147CCC1275B25', '08', '0', null, to_date('27-08-2014 10:13:17', 'dd-mm-yyyy hh24:mi:ss'), 8);
insert into WORKBENCH_PLATFORM_PORTLET (ID, PLATFORM_ID, PORTLET_ID, EDITABLE, SELF_NAME, ADD_TIME, PT_ORDER)
values ('9F4820921E104AC2981A9FCF8CA35322', '5D6A2A734DC94E5B93E147CCC1275B25', '07', '0', null, to_date('27-08-2014 10:13:17', 'dd-mm-yyyy hh24:mi:ss'), 7);
insert into WORKBENCH_PLATFORM_PORTLET (ID, PLATFORM_ID, PORTLET_ID, EDITABLE, SELF_NAME, ADD_TIME, PT_ORDER)
values ('5D8663DDDFD644FB9ECA29910D77AF0A', '5D6A2A734DC94E5B93E147CCC1275B25', '06', '0', null, to_date('27-08-2014 10:13:17', 'dd-mm-yyyy hh24:mi:ss'), 6);
insert into WORKBENCH_PLATFORM_PORTLET (ID, PLATFORM_ID, PORTLET_ID, EDITABLE, SELF_NAME, ADD_TIME, PT_ORDER)
values ('6D7E53F47163494BBEE423D6C68909F4', '5D6A2A734DC94E5B93E147CCC1275B25', '05', '0', null, to_date('27-08-2014 10:13:17', 'dd-mm-yyyy hh24:mi:ss'), 5);
insert into WORKBENCH_PLATFORM_PORTLET (ID, PLATFORM_ID, PORTLET_ID, EDITABLE, SELF_NAME, ADD_TIME, PT_ORDER)
values ('1057037B16EA415E9A32E9E36EC0AA26', '243E557ED843402FAFA235B282EE5C86', '01', '0', null, to_date('26-08-2014 16:58:52', 'dd-mm-yyyy hh24:mi:ss'), 1);
insert into WORKBENCH_PLATFORM_PORTLET (ID, PLATFORM_ID, PORTLET_ID, EDITABLE, SELF_NAME, ADD_TIME, PT_ORDER)
values ('89E88308C72E4E8EA27370935E7B7950', '243E557ED843402FAFA235B282EE5C86', '02', '0', null, to_date('26-08-2014 16:58:52', 'dd-mm-yyyy hh24:mi:ss'), 2);
insert into WORKBENCH_PLATFORM_PORTLET (ID, PLATFORM_ID, PORTLET_ID, EDITABLE, SELF_NAME, ADD_TIME, PT_ORDER)
values ('23E052CE53E6491189D9BE4594018D07', '243E557ED843402FAFA235B282EE5C86', '03', '0', null, to_date('26-08-2014 16:58:52', 'dd-mm-yyyy hh24:mi:ss'), 3);
insert into WORKBENCH_PLATFORM_PORTLET (ID, PLATFORM_ID, PORTLET_ID, EDITABLE, SELF_NAME, ADD_TIME, PT_ORDER)
values ('6A4FD6DB0CCD46A9ADED878A8E9D5EBE', '243E557ED843402FAFA235B282EE5C86', '04', '0', null, to_date('26-08-2014 16:58:52', 'dd-mm-yyyy hh24:mi:ss'), 4);
insert into WORKBENCH_PLATFORM_PORTLET (ID, PLATFORM_ID, PORTLET_ID, EDITABLE, SELF_NAME, ADD_TIME, PT_ORDER)
values ('A01C19D55EB947899ED75B5C8073269B', '243E557ED843402FAFA235B282EE5C86', '10', '0', null, to_date('26-08-2014 16:58:52', 'dd-mm-yyyy hh24:mi:ss'), 9);
insert into WORKBENCH_PLATFORM_PORTLET (ID, PLATFORM_ID, PORTLET_ID, EDITABLE, SELF_NAME, ADD_TIME, PT_ORDER)
values ('DCA71CCF1DFC450EB5FEB79B44A189C2', '243E557ED843402FAFA235B282EE5C86', '09', '0', null, to_date('26-08-2014 16:58:52', 'dd-mm-yyyy hh24:mi:ss'), 9);
insert into WORKBENCH_PLATFORM_PORTLET (ID, PLATFORM_ID, PORTLET_ID, EDITABLE, SELF_NAME, ADD_TIME, PT_ORDER)
values ('7161144BF3AE49B0921382240634FA85', '243E557ED843402FAFA235B282EE5C86', '08', '0', null, to_date('26-08-2014 16:58:52', 'dd-mm-yyyy hh24:mi:ss'), 8);
insert into WORKBENCH_PLATFORM_PORTLET (ID, PLATFORM_ID, PORTLET_ID, EDITABLE, SELF_NAME, ADD_TIME, PT_ORDER)
values ('737CD0BC127046488CFA3125087DDDFA', '243E557ED843402FAFA235B282EE5C86', '07', '0', null, to_date('26-08-2014 16:58:52', 'dd-mm-yyyy hh24:mi:ss'), 7);
insert into WORKBENCH_PLATFORM_PORTLET (ID, PLATFORM_ID, PORTLET_ID, EDITABLE, SELF_NAME, ADD_TIME, PT_ORDER)
values ('05FE33CDEE30446E9D2071FB1592FF34', '243E557ED843402FAFA235B282EE5C86', '06', '0', null, to_date('26-08-2014 16:58:52', 'dd-mm-yyyy hh24:mi:ss'), 6);
insert into WORKBENCH_PLATFORM_PORTLET (ID, PLATFORM_ID, PORTLET_ID, EDITABLE, SELF_NAME, ADD_TIME, PT_ORDER)
values ('046408230CE74D12A5D0C9A89FC5DAA4', '243E557ED843402FAFA235B282EE5C86', '05', '0', null, to_date('26-08-2014 16:58:52', 'dd-mm-yyyy hh24:mi:ss'), 5);
insert into WORKBENCH_PLATFORM_PORTLET (ID, PLATFORM_ID, PORTLET_ID, EDITABLE, SELF_NAME, ADD_TIME, PT_ORDER)
values ('CAB5DF181D4149DBB7F1F1113D9ADC4D', '83D4917DDA334CF6AF1C7F4729ABA941', '01', '0', null, to_date('28-08-2014 16:17:10', 'dd-mm-yyyy hh24:mi:ss'), 1);
insert into WORKBENCH_PLATFORM_PORTLET (ID, PLATFORM_ID, PORTLET_ID, EDITABLE, SELF_NAME, ADD_TIME, PT_ORDER)
values ('20160139185B4D1882F1ED741067C8B4', '83D4917DDA334CF6AF1C7F4729ABA941', '02', '0', null, to_date('28-08-2014 16:17:10', 'dd-mm-yyyy hh24:mi:ss'), 2);
insert into WORKBENCH_PLATFORM_PORTLET (ID, PLATFORM_ID, PORTLET_ID, EDITABLE, SELF_NAME, ADD_TIME, PT_ORDER)
values ('54F610B3AEA7411F9F4675C32C5C6F6B', '83D4917DDA334CF6AF1C7F4729ABA941', '03', '0', null, to_date('28-08-2014 16:17:10', 'dd-mm-yyyy hh24:mi:ss'), 3);
insert into WORKBENCH_PLATFORM_PORTLET (ID, PLATFORM_ID, PORTLET_ID, EDITABLE, SELF_NAME, ADD_TIME, PT_ORDER)
values ('5B4033740624471DB84091D514C1437C', '83D4917DDA334CF6AF1C7F4729ABA941', '04', '0', null, to_date('28-08-2014 16:17:10', 'dd-mm-yyyy hh24:mi:ss'), 4);
insert into WORKBENCH_PLATFORM_PORTLET (ID, PLATFORM_ID, PORTLET_ID, EDITABLE, SELF_NAME, ADD_TIME, PT_ORDER)
values ('6769070D6A5448D5A94E7BD699EB7987', '83D4917DDA334CF6AF1C7F4729ABA941', '10', '0', null, to_date('28-08-2014 16:17:10', 'dd-mm-yyyy hh24:mi:ss'), 9);
insert into WORKBENCH_PLATFORM_PORTLET (ID, PLATFORM_ID, PORTLET_ID, EDITABLE, SELF_NAME, ADD_TIME, PT_ORDER)
values ('597C283F262E44ABBF526DB036505D7D', '83D4917DDA334CF6AF1C7F4729ABA941', '09', '0', null, to_date('28-08-2014 16:17:10', 'dd-mm-yyyy hh24:mi:ss'), 9);
insert into WORKBENCH_PLATFORM_PORTLET (ID, PLATFORM_ID, PORTLET_ID, EDITABLE, SELF_NAME, ADD_TIME, PT_ORDER)
values ('91F8F2CFAA3940C1B3F63984EA1750D0', '83D4917DDA334CF6AF1C7F4729ABA941', '08', '0', null, to_date('28-08-2014 16:17:10', 'dd-mm-yyyy hh24:mi:ss'), 8);
insert into WORKBENCH_PLATFORM_PORTLET (ID, PLATFORM_ID, PORTLET_ID, EDITABLE, SELF_NAME, ADD_TIME, PT_ORDER)
values ('F6415E74BB9544688A7F6DEB4A21481B', '83D4917DDA334CF6AF1C7F4729ABA941', '07', '0', null, to_date('28-08-2014 16:17:10', 'dd-mm-yyyy hh24:mi:ss'), 7);
insert into WORKBENCH_PLATFORM_PORTLET (ID, PLATFORM_ID, PORTLET_ID, EDITABLE, SELF_NAME, ADD_TIME, PT_ORDER)
values ('4473CF61721845DF917DECB47F448612', '83D4917DDA334CF6AF1C7F4729ABA941', '06', '0', null, to_date('28-08-2014 16:17:10', 'dd-mm-yyyy hh24:mi:ss'), 6);
insert into WORKBENCH_PLATFORM_PORTLET (ID, PLATFORM_ID, PORTLET_ID, EDITABLE, SELF_NAME, ADD_TIME, PT_ORDER)
values ('DF26EDD548864A2A90D5027F21DDCE75', '83D4917DDA334CF6AF1C7F4729ABA941', '05', '0', null, to_date('28-08-2014 16:17:10', 'dd-mm-yyyy hh24:mi:ss'), 5);
insert into WORKBENCH_PLATFORM_PORTLET (ID, PLATFORM_ID, PORTLET_ID, EDITABLE, SELF_NAME, ADD_TIME, PT_ORDER)
values ('4EC898DA29F84746873911AD5E13B424', '92A29B9641384E1B815F9929B3046187', '01', '0', null, to_date('29-08-2014 10:45:55', 'dd-mm-yyyy hh24:mi:ss'), 1);
insert into WORKBENCH_PLATFORM_PORTLET (ID, PLATFORM_ID, PORTLET_ID, EDITABLE, SELF_NAME, ADD_TIME, PT_ORDER)
values ('559253ED9F1A40679FAA90CC84CB68A6', '92A29B9641384E1B815F9929B3046187', '02', '0', null, to_date('29-08-2014 10:45:55', 'dd-mm-yyyy hh24:mi:ss'), 2);
insert into WORKBENCH_PLATFORM_PORTLET (ID, PLATFORM_ID, PORTLET_ID, EDITABLE, SELF_NAME, ADD_TIME, PT_ORDER)
values ('0383AD62F1AF47BBB90A3129F2066B95', '92A29B9641384E1B815F9929B3046187', '03', '0', null, to_date('29-08-2014 10:45:56', 'dd-mm-yyyy hh24:mi:ss'), 3);
insert into WORKBENCH_PLATFORM_PORTLET (ID, PLATFORM_ID, PORTLET_ID, EDITABLE, SELF_NAME, ADD_TIME, PT_ORDER)
values ('17E51BA1210D456FA9036C4ECBCC283C', '92A29B9641384E1B815F9929B3046187', '04', '0', null, to_date('29-08-2014 10:45:56', 'dd-mm-yyyy hh24:mi:ss'), 4);
insert into WORKBENCH_PLATFORM_PORTLET (ID, PLATFORM_ID, PORTLET_ID, EDITABLE, SELF_NAME, ADD_TIME, PT_ORDER)
values ('E225FACAF60B48F09A382BA3B7C6A896', '92A29B9641384E1B815F9929B3046187', '10', '0', null, to_date('29-08-2014 10:45:57', 'dd-mm-yyyy hh24:mi:ss'), 9);
insert into WORKBENCH_PLATFORM_PORTLET (ID, PLATFORM_ID, PORTLET_ID, EDITABLE, SELF_NAME, ADD_TIME, PT_ORDER)
values ('6EE0A4D077C44C0F982165855DA1D6F9', '7F2841F04EF8496EBF40286FC38A3980', '07', '1', null, to_date('20-08-2014 15:32:39', 'dd-mm-yyyy hh24:mi:ss'), 2);
insert into WORKBENCH_PLATFORM_PORTLET (ID, PLATFORM_ID, PORTLET_ID, EDITABLE, SELF_NAME, ADD_TIME, PT_ORDER)
values ('E0026A95A2104B5E8E4B99C5B110EAAE', '7F2841F04EF8496EBF40286FC38A3980', '08', '1', null, to_date('20-08-2014 15:32:39', 'dd-mm-yyyy hh24:mi:ss'), 3);
insert into WORKBENCH_PLATFORM_PORTLET (ID, PLATFORM_ID, PORTLET_ID, EDITABLE, SELF_NAME, ADD_TIME, PT_ORDER)
values ('5A8CC43E3F1945EFADD93A8CD26C843F', '7F2841F04EF8496EBF40286FC38A3980', '09', '1', null, to_date('20-08-2014 15:32:39', 'dd-mm-yyyy hh24:mi:ss'), 4);
insert into WORKBENCH_PLATFORM_PORTLET (ID, PLATFORM_ID, PORTLET_ID, EDITABLE, SELF_NAME, ADD_TIME, PT_ORDER)
values ('B6FEB9DE28534AB4836F75A36E92D460', '7F2841F04EF8496EBF40286FC38A3980', '01', '1', null, to_date('20-08-2014 15:32:39', 'dd-mm-yyyy hh24:mi:ss'), 1);
insert into WORKBENCH_PLATFORM_PORTLET (ID, PLATFORM_ID, PORTLET_ID, EDITABLE, SELF_NAME, ADD_TIME, PT_ORDER)
values ('F1600050627A4E0FA75785E2581FCA8E', '7F2841F04EF8496EBF40286FC38A3980', '02', '1', null, to_date('20-08-2014 15:32:39', 'dd-mm-yyyy hh24:mi:ss'), 2);
insert into WORKBENCH_PLATFORM_PORTLET (ID, PLATFORM_ID, PORTLET_ID, EDITABLE, SELF_NAME, ADD_TIME, PT_ORDER)
values ('B144E23A632E401CA48CA063B67C281C', '7F2841F04EF8496EBF40286FC38A3980', '03', '1', null, to_date('20-08-2014 15:32:39', 'dd-mm-yyyy hh24:mi:ss'), 3);
insert into WORKBENCH_PLATFORM_PORTLET (ID, PLATFORM_ID, PORTLET_ID, EDITABLE, SELF_NAME, ADD_TIME, PT_ORDER)
values ('A93681DF368248279395370730BE260B', '7F2841F04EF8496EBF40286FC38A3980', '04', '1', null, to_date('20-08-2014 15:32:39', 'dd-mm-yyyy hh24:mi:ss'), 4);
insert into WORKBENCH_PLATFORM_PORTLET (ID, PLATFORM_ID, PORTLET_ID, EDITABLE, SELF_NAME, ADD_TIME, PT_ORDER)
values ('A786079DF3A241709D5381B316390771', '3E43DAC6BD604463BF96C209C68B7C64', '09', '1', null, to_date('20-08-2014 15:32:39', 'dd-mm-yyyy hh24:mi:ss'), 4);
insert into WORKBENCH_PLATFORM_PORTLET (ID, PLATFORM_ID, PORTLET_ID, EDITABLE, SELF_NAME, ADD_TIME, PT_ORDER)
values ('17244E34B67445539374D7172C6244D1', '7F2841F04EF8496EBF40286FC38A3980', '05', '1', null, to_date('20-08-2014 15:32:39', 'dd-mm-yyyy hh24:mi:ss'), 5);
insert into WORKBENCH_PLATFORM_PORTLET (ID, PLATFORM_ID, PORTLET_ID, EDITABLE, SELF_NAME, ADD_TIME, PT_ORDER)
values ('65066F3B6652453E9AEAC7CDCFCC23D0', '3E43DAC6BD604463BF96C209C68B7C64', '08', '1', null, to_date('20-08-2014 15:32:39', 'dd-mm-yyyy hh24:mi:ss'), 3);
insert into WORKBENCH_PLATFORM_PORTLET (ID, PLATFORM_ID, PORTLET_ID, EDITABLE, SELF_NAME, ADD_TIME, PT_ORDER)
values ('FEFDD5C189194AC184ACDBBA8E5888EE', '3E43DAC6BD604463BF96C209C68B7C64', '07', '1', null, to_date('20-08-2014 15:32:39', 'dd-mm-yyyy hh24:mi:ss'), 2);
insert into WORKBENCH_PLATFORM_PORTLET (ID, PLATFORM_ID, PORTLET_ID, EDITABLE, SELF_NAME, ADD_TIME, PT_ORDER)
values ('272E8C51B67645A1A059FBE3BB772290', '7F2841F04EF8496EBF40286FC38A3980', '06', '1', null, to_date('20-08-2014 15:32:39', 'dd-mm-yyyy hh24:mi:ss'), 1);
insert into WORKBENCH_PLATFORM_PORTLET (ID, PLATFORM_ID, PORTLET_ID, EDITABLE, SELF_NAME, ADD_TIME, PT_ORDER)
values ('9608008E4D034BFEB15731BE39364C86', '3E43DAC6BD604463BF96C209C68B7C64', '06', '1', null, to_date('20-08-2014 15:32:39', 'dd-mm-yyyy hh24:mi:ss'), 1);
insert into WORKBENCH_PLATFORM_PORTLET (ID, PLATFORM_ID, PORTLET_ID, EDITABLE, SELF_NAME, ADD_TIME, PT_ORDER)
values ('C179EB9B6CBF42BFBC7DD8F9D081D2B0', '3E43DAC6BD604463BF96C209C68B7C64', '05', '1', null, to_date('20-08-2014 15:32:39', 'dd-mm-yyyy hh24:mi:ss'), 5);
insert into WORKBENCH_PLATFORM_PORTLET (ID, PLATFORM_ID, PORTLET_ID, EDITABLE, SELF_NAME, ADD_TIME, PT_ORDER)
values ('6FEAD28A0BF443B4AFB0FC0E8C2210CE', '3E43DAC6BD604463BF96C209C68B7C64', '04', '1', null, to_date('20-08-2014 15:32:39', 'dd-mm-yyyy hh24:mi:ss'), 4);
insert into WORKBENCH_PLATFORM_PORTLET (ID, PLATFORM_ID, PORTLET_ID, EDITABLE, SELF_NAME, ADD_TIME, PT_ORDER)
values ('AE1C4D11EB874564B895B20ECBAF5393', '3E43DAC6BD604463BF96C209C68B7C64', '01', '1', null, to_date('20-08-2014 15:32:39', 'dd-mm-yyyy hh24:mi:ss'), 1);
insert into WORKBENCH_PLATFORM_PORTLET (ID, PLATFORM_ID, PORTLET_ID, EDITABLE, SELF_NAME, ADD_TIME, PT_ORDER)
values ('CD881CE39B6040999CC28EA03F8236F4', '3E43DAC6BD604463BF96C209C68B7C64', '02', '1', null, to_date('20-08-2014 15:32:39', 'dd-mm-yyyy hh24:mi:ss'), 2);
commit;
prompt 100 records committed...
insert into WORKBENCH_PLATFORM_PORTLET (ID, PLATFORM_ID, PORTLET_ID, EDITABLE, SELF_NAME, ADD_TIME, PT_ORDER)
values ('B45C524610F04AA2A0DBB2B88A1262F2', '3E43DAC6BD604463BF96C209C68B7C64', '03', '1', null, to_date('20-08-2014 15:32:39', 'dd-mm-yyyy hh24:mi:ss'), 3);
insert into WORKBENCH_PLATFORM_PORTLET (ID, PLATFORM_ID, PORTLET_ID, EDITABLE, SELF_NAME, ADD_TIME, PT_ORDER)
values ('8C7D42DBD0F8497FB34475BCC95E9D21', '92A29B9641384E1B815F9929B3046187', '08', '0', null, to_date('29-08-2014 10:45:57', 'dd-mm-yyyy hh24:mi:ss'), 8);
insert into WORKBENCH_PLATFORM_PORTLET (ID, PLATFORM_ID, PORTLET_ID, EDITABLE, SELF_NAME, ADD_TIME, PT_ORDER)
values ('229F33C72B164D04A2DD6BD7A3720384', '312ED7ACA7C34E5CA4966A3FF68D9329', '03', '0', null, to_date('28-08-2014 15:21:41', 'dd-mm-yyyy hh24:mi:ss'), 3);
insert into WORKBENCH_PLATFORM_PORTLET (ID, PLATFORM_ID, PORTLET_ID, EDITABLE, SELF_NAME, ADD_TIME, PT_ORDER)
values ('10F24841910F4535A3261063ADBD905A', '312ED7ACA7C34E5CA4966A3FF68D9329', '04', '0', null, to_date('28-08-2014 15:21:41', 'dd-mm-yyyy hh24:mi:ss'), 4);
insert into WORKBENCH_PLATFORM_PORTLET (ID, PLATFORM_ID, PORTLET_ID, EDITABLE, SELF_NAME, ADD_TIME, PT_ORDER)
values ('FDD29109CC30417BBCA74865CADB1BD4', '312ED7ACA7C34E5CA4966A3FF68D9329', '10', '0', null, to_date('28-08-2014 15:21:41', 'dd-mm-yyyy hh24:mi:ss'), 9);
insert into WORKBENCH_PLATFORM_PORTLET (ID, PLATFORM_ID, PORTLET_ID, EDITABLE, SELF_NAME, ADD_TIME, PT_ORDER)
values ('0C36C7809DBE472FAE4D1F8DC64C32E9', '312ED7ACA7C34E5CA4966A3FF68D9329', '09', '0', null, to_date('28-08-2014 15:21:41', 'dd-mm-yyyy hh24:mi:ss'), 9);
insert into WORKBENCH_PLATFORM_PORTLET (ID, PLATFORM_ID, PORTLET_ID, EDITABLE, SELF_NAME, ADD_TIME, PT_ORDER)
values ('2FE64498D9A04D76A8D5473802198C6C', '312ED7ACA7C34E5CA4966A3FF68D9329', '08', '0', null, to_date('28-08-2014 15:21:41', 'dd-mm-yyyy hh24:mi:ss'), 8);
insert into WORKBENCH_PLATFORM_PORTLET (ID, PLATFORM_ID, PORTLET_ID, EDITABLE, SELF_NAME, ADD_TIME, PT_ORDER)
values ('DF6E4A92C092478487C3A3C1F0CF141D', '312ED7ACA7C34E5CA4966A3FF68D9329', '07', '0', null, to_date('28-08-2014 15:21:41', 'dd-mm-yyyy hh24:mi:ss'), 7);
insert into WORKBENCH_PLATFORM_PORTLET (ID, PLATFORM_ID, PORTLET_ID, EDITABLE, SELF_NAME, ADD_TIME, PT_ORDER)
values ('4BBDA3390FB74A76AB8DDD090A0A1750', '92A29B9641384E1B815F9929B3046187', '07', '0', null, to_date('29-08-2014 10:45:57', 'dd-mm-yyyy hh24:mi:ss'), 7);
insert into WORKBENCH_PLATFORM_PORTLET (ID, PLATFORM_ID, PORTLET_ID, EDITABLE, SELF_NAME, ADD_TIME, PT_ORDER)
values ('E736535A2F5C46BE952810BE776C5FCF', '92A29B9641384E1B815F9929B3046187', '06', '0', null, to_date('29-08-2014 10:45:58', 'dd-mm-yyyy hh24:mi:ss'), 6);
insert into WORKBENCH_PLATFORM_PORTLET (ID, PLATFORM_ID, PORTLET_ID, EDITABLE, SELF_NAME, ADD_TIME, PT_ORDER)
values ('C326392EE7EF49D6B6F0252993132376', '92A29B9641384E1B815F9929B3046187', '05', '0', null, to_date('29-08-2014 10:45:58', 'dd-mm-yyyy hh24:mi:ss'), 5);
insert into WORKBENCH_PLATFORM_PORTLET (ID, PLATFORM_ID, PORTLET_ID, EDITABLE, SELF_NAME, ADD_TIME, PT_ORDER)
values ('C76E16FDC6D349C69B736789176AB91C', '312ED7ACA7C34E5CA4966A3FF68D9329', '01', '0', null, to_date('28-08-2014 15:21:41', 'dd-mm-yyyy hh24:mi:ss'), 1);
insert into WORKBENCH_PLATFORM_PORTLET (ID, PLATFORM_ID, PORTLET_ID, EDITABLE, SELF_NAME, ADD_TIME, PT_ORDER)
values ('D1385EEB14E24F67B8E622767F3E81FC', '312ED7ACA7C34E5CA4966A3FF68D9329', '02', '0', null, to_date('28-08-2014 15:21:41', 'dd-mm-yyyy hh24:mi:ss'), 2);
insert into WORKBENCH_PLATFORM_PORTLET (ID, PLATFORM_ID, PORTLET_ID, EDITABLE, SELF_NAME, ADD_TIME, PT_ORDER)
values ('D2399DAB7E034649A99D7078C75AC812', '312ED7ACA7C34E5CA4966A3FF68D9329', '06', '0', null, to_date('28-08-2014 15:21:41', 'dd-mm-yyyy hh24:mi:ss'), 6);
insert into WORKBENCH_PLATFORM_PORTLET (ID, PLATFORM_ID, PORTLET_ID, EDITABLE, SELF_NAME, ADD_TIME, PT_ORDER)
values ('65DD35243D924125893E8650D281282D', '312ED7ACA7C34E5CA4966A3FF68D9329', '05', '0', null, to_date('28-08-2014 15:21:41', 'dd-mm-yyyy hh24:mi:ss'), 5);
insert into WORKBENCH_PLATFORM_PORTLET (ID, PLATFORM_ID, PORTLET_ID, EDITABLE, SELF_NAME, ADD_TIME, PT_ORDER)
values ('F6B9DEEF3A12413DA12157D035C536EE', 'FAFB960D375D46BC853809D98969432D', '01', '0', null, to_date('28-08-2014 15:34:21', 'dd-mm-yyyy hh24:mi:ss'), 1);
insert into WORKBENCH_PLATFORM_PORTLET (ID, PLATFORM_ID, PORTLET_ID, EDITABLE, SELF_NAME, ADD_TIME, PT_ORDER)
values ('3C9E5E6255D74A578529314AC2051E20', 'FAFB960D375D46BC853809D98969432D', '02', '0', null, to_date('28-08-2014 15:34:21', 'dd-mm-yyyy hh24:mi:ss'), 2);
insert into WORKBENCH_PLATFORM_PORTLET (ID, PLATFORM_ID, PORTLET_ID, EDITABLE, SELF_NAME, ADD_TIME, PT_ORDER)
values ('0E03129023B745EB9D842A3618930805', 'FAFB960D375D46BC853809D98969432D', '03', '0', null, to_date('28-08-2014 15:34:21', 'dd-mm-yyyy hh24:mi:ss'), 3);
insert into WORKBENCH_PLATFORM_PORTLET (ID, PLATFORM_ID, PORTLET_ID, EDITABLE, SELF_NAME, ADD_TIME, PT_ORDER)
values ('49771320952943BD9FFD0F6EEEBA7B35', 'FAFB960D375D46BC853809D98969432D', '04', '0', null, to_date('28-08-2014 15:34:21', 'dd-mm-yyyy hh24:mi:ss'), 4);
insert into WORKBENCH_PLATFORM_PORTLET (ID, PLATFORM_ID, PORTLET_ID, EDITABLE, SELF_NAME, ADD_TIME, PT_ORDER)
values ('739C75539B9C4D91BF060E6F57671038', 'FAFB960D375D46BC853809D98969432D', '10', '0', null, to_date('28-08-2014 15:34:21', 'dd-mm-yyyy hh24:mi:ss'), 9);
insert into WORKBENCH_PLATFORM_PORTLET (ID, PLATFORM_ID, PORTLET_ID, EDITABLE, SELF_NAME, ADD_TIME, PT_ORDER)
values ('FADFBFB82BEF4321AE8C2E2E3830E3EF', 'FAFB960D375D46BC853809D98969432D', '09', '0', null, to_date('28-08-2014 15:34:21', 'dd-mm-yyyy hh24:mi:ss'), 9);
insert into WORKBENCH_PLATFORM_PORTLET (ID, PLATFORM_ID, PORTLET_ID, EDITABLE, SELF_NAME, ADD_TIME, PT_ORDER)
values ('E1C0884B866645789D4A1C06099B7BA6', 'FAFB960D375D46BC853809D98969432D', '08', '0', null, to_date('28-08-2014 15:34:21', 'dd-mm-yyyy hh24:mi:ss'), 8);
insert into WORKBENCH_PLATFORM_PORTLET (ID, PLATFORM_ID, PORTLET_ID, EDITABLE, SELF_NAME, ADD_TIME, PT_ORDER)
values ('588478EA942F4DBABBCF1DCAB380327B', 'FAFB960D375D46BC853809D98969432D', '07', '0', null, to_date('28-08-2014 15:34:21', 'dd-mm-yyyy hh24:mi:ss'), 7);
insert into WORKBENCH_PLATFORM_PORTLET (ID, PLATFORM_ID, PORTLET_ID, EDITABLE, SELF_NAME, ADD_TIME, PT_ORDER)
values ('DCE7891EDB5C411398FB52EFCF1AA4DD', 'FAFB960D375D46BC853809D98969432D', '06', '0', null, to_date('28-08-2014 15:34:21', 'dd-mm-yyyy hh24:mi:ss'), 6);
insert into WORKBENCH_PLATFORM_PORTLET (ID, PLATFORM_ID, PORTLET_ID, EDITABLE, SELF_NAME, ADD_TIME, PT_ORDER)
values ('81AE8AE1095640CE9589B203359B0C5A', 'FAFB960D375D46BC853809D98969432D', '05', '0', null, to_date('28-08-2014 15:34:21', 'dd-mm-yyyy hh24:mi:ss'), 5);
insert into WORKBENCH_PLATFORM_PORTLET (ID, PLATFORM_ID, PORTLET_ID, EDITABLE, SELF_NAME, ADD_TIME, PT_ORDER)
values ('B163CE4A17CF4F4E8F6E72312A653B94', 'D176620F5B7A4A3DAAF5D5A54769A75F', '01', '0', null, to_date('28-08-2014 15:37:32', 'dd-mm-yyyy hh24:mi:ss'), 1);
insert into WORKBENCH_PLATFORM_PORTLET (ID, PLATFORM_ID, PORTLET_ID, EDITABLE, SELF_NAME, ADD_TIME, PT_ORDER)
values ('578C3EE9ECA24AA29C3EDD571B8993BA', 'D176620F5B7A4A3DAAF5D5A54769A75F', '02', '0', null, to_date('28-08-2014 15:37:32', 'dd-mm-yyyy hh24:mi:ss'), 2);
insert into WORKBENCH_PLATFORM_PORTLET (ID, PLATFORM_ID, PORTLET_ID, EDITABLE, SELF_NAME, ADD_TIME, PT_ORDER)
values ('B77ABBA9F20B489C9EE1B775BD34E8DD', 'D176620F5B7A4A3DAAF5D5A54769A75F', '03', '0', null, to_date('28-08-2014 15:37:32', 'dd-mm-yyyy hh24:mi:ss'), 3);
insert into WORKBENCH_PLATFORM_PORTLET (ID, PLATFORM_ID, PORTLET_ID, EDITABLE, SELF_NAME, ADD_TIME, PT_ORDER)
values ('4047F1AB10914868BCF4C8DD5D3D88DF', 'D176620F5B7A4A3DAAF5D5A54769A75F', '04', '0', null, to_date('28-08-2014 15:37:32', 'dd-mm-yyyy hh24:mi:ss'), 4);
insert into WORKBENCH_PLATFORM_PORTLET (ID, PLATFORM_ID, PORTLET_ID, EDITABLE, SELF_NAME, ADD_TIME, PT_ORDER)
values ('56C722DF49DB46638539470288215733', 'D176620F5B7A4A3DAAF5D5A54769A75F', '10', '0', null, to_date('28-08-2014 15:37:32', 'dd-mm-yyyy hh24:mi:ss'), 9);
insert into WORKBENCH_PLATFORM_PORTLET (ID, PLATFORM_ID, PORTLET_ID, EDITABLE, SELF_NAME, ADD_TIME, PT_ORDER)
values ('5CACCA0820BB4A8DA9AF891ECB201F36', 'D176620F5B7A4A3DAAF5D5A54769A75F', '09', '0', null, to_date('28-08-2014 15:37:32', 'dd-mm-yyyy hh24:mi:ss'), 9);
insert into WORKBENCH_PLATFORM_PORTLET (ID, PLATFORM_ID, PORTLET_ID, EDITABLE, SELF_NAME, ADD_TIME, PT_ORDER)
values ('81B5317C490740E9B31E8C49E43799AC', 'D176620F5B7A4A3DAAF5D5A54769A75F', '08', '0', null, to_date('28-08-2014 15:37:32', 'dd-mm-yyyy hh24:mi:ss'), 8);
insert into WORKBENCH_PLATFORM_PORTLET (ID, PLATFORM_ID, PORTLET_ID, EDITABLE, SELF_NAME, ADD_TIME, PT_ORDER)
values ('35D896BE7E11472FA1F455B274887296', 'D176620F5B7A4A3DAAF5D5A54769A75F', '07', '0', null, to_date('28-08-2014 15:37:32', 'dd-mm-yyyy hh24:mi:ss'), 7);
insert into WORKBENCH_PLATFORM_PORTLET (ID, PLATFORM_ID, PORTLET_ID, EDITABLE, SELF_NAME, ADD_TIME, PT_ORDER)
values ('4DD69AEAC3424875A28953EF1353AFA2', 'D176620F5B7A4A3DAAF5D5A54769A75F', '06', '0', null, to_date('28-08-2014 15:37:32', 'dd-mm-yyyy hh24:mi:ss'), 6);
insert into WORKBENCH_PLATFORM_PORTLET (ID, PLATFORM_ID, PORTLET_ID, EDITABLE, SELF_NAME, ADD_TIME, PT_ORDER)
values ('8AEE3129194741A7B885F2024A87245C', 'D176620F5B7A4A3DAAF5D5A54769A75F', '05', '0', null, to_date('28-08-2014 15:37:32', 'dd-mm-yyyy hh24:mi:ss'), 5);
insert into WORKBENCH_PLATFORM_PORTLET (ID, PLATFORM_ID, PORTLET_ID, EDITABLE, SELF_NAME, ADD_TIME, PT_ORDER)
values ('46228A8E81064B2D9F896E38A99FB167', '815DF0D47FC04B8095D9D8E31634510C', '01', '0', null, to_date('28-08-2014 16:17:26', 'dd-mm-yyyy hh24:mi:ss'), 1);
insert into WORKBENCH_PLATFORM_PORTLET (ID, PLATFORM_ID, PORTLET_ID, EDITABLE, SELF_NAME, ADD_TIME, PT_ORDER)
values ('78C4D31BB9E14265922A6D36F022D478', '815DF0D47FC04B8095D9D8E31634510C', '02', '0', null, to_date('28-08-2014 16:17:26', 'dd-mm-yyyy hh24:mi:ss'), 2);
insert into WORKBENCH_PLATFORM_PORTLET (ID, PLATFORM_ID, PORTLET_ID, EDITABLE, SELF_NAME, ADD_TIME, PT_ORDER)
values ('75EEA8A73BC640AEBB6089264344BA8F', '815DF0D47FC04B8095D9D8E31634510C', '03', '0', null, to_date('28-08-2014 16:17:26', 'dd-mm-yyyy hh24:mi:ss'), 3);
insert into WORKBENCH_PLATFORM_PORTLET (ID, PLATFORM_ID, PORTLET_ID, EDITABLE, SELF_NAME, ADD_TIME, PT_ORDER)
values ('C41E6209AB5542BFB4A7FB3EEC62A531', '815DF0D47FC04B8095D9D8E31634510C', '04', '0', null, to_date('28-08-2014 16:17:26', 'dd-mm-yyyy hh24:mi:ss'), 4);
insert into WORKBENCH_PLATFORM_PORTLET (ID, PLATFORM_ID, PORTLET_ID, EDITABLE, SELF_NAME, ADD_TIME, PT_ORDER)
values ('EE0200474EF04616B9FCA6543DA1E937', '815DF0D47FC04B8095D9D8E31634510C', '10', '0', null, to_date('28-08-2014 16:17:26', 'dd-mm-yyyy hh24:mi:ss'), 9);
insert into WORKBENCH_PLATFORM_PORTLET (ID, PLATFORM_ID, PORTLET_ID, EDITABLE, SELF_NAME, ADD_TIME, PT_ORDER)
values ('A876C7A4C5364D0FA960CD897F2F5FAB', '815DF0D47FC04B8095D9D8E31634510C', '09', '0', null, to_date('28-08-2014 16:17:26', 'dd-mm-yyyy hh24:mi:ss'), 9);
insert into WORKBENCH_PLATFORM_PORTLET (ID, PLATFORM_ID, PORTLET_ID, EDITABLE, SELF_NAME, ADD_TIME, PT_ORDER)
values ('60E43DED3E0D4D51A0BE17E188251C1D', '815DF0D47FC04B8095D9D8E31634510C', '08', '0', null, to_date('28-08-2014 16:17:26', 'dd-mm-yyyy hh24:mi:ss'), 8);
insert into WORKBENCH_PLATFORM_PORTLET (ID, PLATFORM_ID, PORTLET_ID, EDITABLE, SELF_NAME, ADD_TIME, PT_ORDER)
values ('7E82A3D75D434AA0A27E0FB085BBD4DA', '815DF0D47FC04B8095D9D8E31634510C', '07', '0', null, to_date('28-08-2014 16:17:26', 'dd-mm-yyyy hh24:mi:ss'), 7);
insert into WORKBENCH_PLATFORM_PORTLET (ID, PLATFORM_ID, PORTLET_ID, EDITABLE, SELF_NAME, ADD_TIME, PT_ORDER)
values ('4F3BFB89CF4549AF8BC0E67AF88DD503', '815DF0D47FC04B8095D9D8E31634510C', '06', '0', null, to_date('28-08-2014 16:17:26', 'dd-mm-yyyy hh24:mi:ss'), 6);
insert into WORKBENCH_PLATFORM_PORTLET (ID, PLATFORM_ID, PORTLET_ID, EDITABLE, SELF_NAME, ADD_TIME, PT_ORDER)
values ('04ACBB266A8246B28FB360495EDD0E61', '815DF0D47FC04B8095D9D8E31634510C', '05', '0', null, to_date('28-08-2014 16:17:26', 'dd-mm-yyyy hh24:mi:ss'), 5);
insert into WORKBENCH_PLATFORM_PORTLET (ID, PLATFORM_ID, PORTLET_ID, EDITABLE, SELF_NAME, ADD_TIME, PT_ORDER)
values ('2C526C9ADF2F4063A11F8F1A3CD1FA66', 'AFBEBE36853E4DCDB37D8575E2829DD8', '09', '0', null, to_date('28-08-2014 17:41:12', 'dd-mm-yyyy hh24:mi:ss'), 4);
insert into WORKBENCH_PLATFORM_PORTLET (ID, PLATFORM_ID, PORTLET_ID, EDITABLE, SELF_NAME, ADD_TIME, PT_ORDER)
values ('0562D5F868514DE58569E88A94420DBF', 'AFBEBE36853E4DCDB37D8575E2829DD8', '08', '0', null, to_date('28-08-2014 17:41:12', 'dd-mm-yyyy hh24:mi:ss'), 3);
insert into WORKBENCH_PLATFORM_PORTLET (ID, PLATFORM_ID, PORTLET_ID, EDITABLE, SELF_NAME, ADD_TIME, PT_ORDER)
values ('CAAEB82CD61848A19CA8EF4FD7125736', 'AFBEBE36853E4DCDB37D8575E2829DD8', '07', '0', null, to_date('28-08-2014 17:41:12', 'dd-mm-yyyy hh24:mi:ss'), 2);
insert into WORKBENCH_PLATFORM_PORTLET (ID, PLATFORM_ID, PORTLET_ID, EDITABLE, SELF_NAME, ADD_TIME, PT_ORDER)
values ('8BE0984C2FC04AD1BF16D07A09A845F7', 'AFBEBE36853E4DCDB37D8575E2829DD8', '06', '0', null, to_date('28-08-2014 17:41:12', 'dd-mm-yyyy hh24:mi:ss'), 1);
insert into WORKBENCH_PLATFORM_PORTLET (ID, PLATFORM_ID, PORTLET_ID, EDITABLE, SELF_NAME, ADD_TIME, PT_ORDER)
values ('E9B2652DDAEA4DFF8C2C7BCE17B9620C', 'AFBEBE36853E4DCDB37D8575E2829DD8', '05', '0', null, to_date('28-08-2014 17:41:12', 'dd-mm-yyyy hh24:mi:ss'), 5);
insert into WORKBENCH_PLATFORM_PORTLET (ID, PLATFORM_ID, PORTLET_ID, EDITABLE, SELF_NAME, ADD_TIME, PT_ORDER)
values ('371E9959CB374057A348C3CE725003F3', 'AFBEBE36853E4DCDB37D8575E2829DD8', '04', '0', null, to_date('28-08-2014 17:41:12', 'dd-mm-yyyy hh24:mi:ss'), 4);
insert into WORKBENCH_PLATFORM_PORTLET (ID, PLATFORM_ID, PORTLET_ID, EDITABLE, SELF_NAME, ADD_TIME, PT_ORDER)
values ('742485BD22EC4F8D94FB68D279B69845', 'AFBEBE36853E4DCDB37D8575E2829DD8', '01', '0', null, to_date('28-08-2014 17:41:12', 'dd-mm-yyyy hh24:mi:ss'), 1);
insert into WORKBENCH_PLATFORM_PORTLET (ID, PLATFORM_ID, PORTLET_ID, EDITABLE, SELF_NAME, ADD_TIME, PT_ORDER)
values ('D24B6915162B4DD29744D25E6837D4C9', 'AFBEBE36853E4DCDB37D8575E2829DD8', '02', '0', null, to_date('28-08-2014 17:41:12', 'dd-mm-yyyy hh24:mi:ss'), 2);
insert into WORKBENCH_PLATFORM_PORTLET (ID, PLATFORM_ID, PORTLET_ID, EDITABLE, SELF_NAME, ADD_TIME, PT_ORDER)
values ('C95E0881217F4F1C9A86C9D1B258CB2D', 'AFBEBE36853E4DCDB37D8575E2829DD8', '03', '0', null, to_date('28-08-2014 17:41:12', 'dd-mm-yyyy hh24:mi:ss'), 3);
insert into WORKBENCH_PLATFORM_PORTLET (ID, PLATFORM_ID, PORTLET_ID, EDITABLE, SELF_NAME, ADD_TIME, PT_ORDER)
values ('E98C18D775D84FE3A8348316DF34222D', '6E195FCF69BB4691A51A0A59BEDAD22D', '05', '0', null, to_date('28-08-2014 17:41:12', 'dd-mm-yyyy hh24:mi:ss'), 5);
insert into WORKBENCH_PLATFORM_PORTLET (ID, PLATFORM_ID, PORTLET_ID, EDITABLE, SELF_NAME, ADD_TIME, PT_ORDER)
values ('56A5D69E0B524564A80532AFC16CDB41', '6E195FCF69BB4691A51A0A59BEDAD22D', '06', '0', null, to_date('28-08-2014 17:41:12', 'dd-mm-yyyy hh24:mi:ss'), 1);
insert into WORKBENCH_PLATFORM_PORTLET (ID, PLATFORM_ID, PORTLET_ID, EDITABLE, SELF_NAME, ADD_TIME, PT_ORDER)
values ('F0B5FE06F88B4A3BB349FFC1B07FCB2C', '6E195FCF69BB4691A51A0A59BEDAD22D', '07', '0', null, to_date('28-08-2014 17:41:12', 'dd-mm-yyyy hh24:mi:ss'), 2);
insert into WORKBENCH_PLATFORM_PORTLET (ID, PLATFORM_ID, PORTLET_ID, EDITABLE, SELF_NAME, ADD_TIME, PT_ORDER)
values ('9C5D96E793DC47BB968F7D5E56C7A7CE', '6E195FCF69BB4691A51A0A59BEDAD22D', '08', '0', null, to_date('28-08-2014 17:41:12', 'dd-mm-yyyy hh24:mi:ss'), 3);
insert into WORKBENCH_PLATFORM_PORTLET (ID, PLATFORM_ID, PORTLET_ID, EDITABLE, SELF_NAME, ADD_TIME, PT_ORDER)
values ('3951F96462F74B19BE17E1954475A233', '6E195FCF69BB4691A51A0A59BEDAD22D', '09', '0', null, to_date('28-08-2014 17:41:12', 'dd-mm-yyyy hh24:mi:ss'), 4);
insert into WORKBENCH_PLATFORM_PORTLET (ID, PLATFORM_ID, PORTLET_ID, EDITABLE, SELF_NAME, ADD_TIME, PT_ORDER)
values ('1E34EAFA1DEF48B49803C8DDADE1A564', '6E195FCF69BB4691A51A0A59BEDAD22D', '01', '0', null, to_date('28-08-2014 17:41:12', 'dd-mm-yyyy hh24:mi:ss'), 1);
insert into WORKBENCH_PLATFORM_PORTLET (ID, PLATFORM_ID, PORTLET_ID, EDITABLE, SELF_NAME, ADD_TIME, PT_ORDER)
values ('263E867B3A6642D4B6DC0E1D313C3B55', '6E195FCF69BB4691A51A0A59BEDAD22D', '02', '0', null, to_date('28-08-2014 17:41:12', 'dd-mm-yyyy hh24:mi:ss'), 2);
insert into WORKBENCH_PLATFORM_PORTLET (ID, PLATFORM_ID, PORTLET_ID, EDITABLE, SELF_NAME, ADD_TIME, PT_ORDER)
values ('855A9760AF254C56951983AC4E37676A', '6E195FCF69BB4691A51A0A59BEDAD22D', '03', '0', null, to_date('28-08-2014 17:41:12', 'dd-mm-yyyy hh24:mi:ss'), 3);
insert into WORKBENCH_PLATFORM_PORTLET (ID, PLATFORM_ID, PORTLET_ID, EDITABLE, SELF_NAME, ADD_TIME, PT_ORDER)
values ('72132464A6A54BF399D7BB226E4293E8', '6E195FCF69BB4691A51A0A59BEDAD22D', '04', '0', null, to_date('28-08-2014 17:41:12', 'dd-mm-yyyy hh24:mi:ss'), 4);
insert into WORKBENCH_PLATFORM_PORTLET (ID, PLATFORM_ID, PORTLET_ID, EDITABLE, SELF_NAME, ADD_TIME, PT_ORDER)
values ('DA449C75E9E6443898B57DCCBBF71A8B', '92A29B9641384E1B815F9929B3046187', '09', '0', null, to_date('29-08-2014 10:45:57', 'dd-mm-yyyy hh24:mi:ss'), 9);
insert into WORKBENCH_PLATFORM_PORTLET (ID, PLATFORM_ID, PORTLET_ID, EDITABLE, SELF_NAME, ADD_TIME, PT_ORDER)
values ('63A721E7F8D74BCF809649EB7D1D9AFF', '6D058E6F74E34C03AF692E9D4466E881', '03', '1', null, to_date('20-08-2014 15:58:21', 'dd-mm-yyyy hh24:mi:ss'), 3);
insert into WORKBENCH_PLATFORM_PORTLET (ID, PLATFORM_ID, PORTLET_ID, EDITABLE, SELF_NAME, ADD_TIME, PT_ORDER)
values ('65BE89E4C16547578B2E6A5B89B0124D', '6D058E6F74E34C03AF692E9D4466E881', '04', '1', null, to_date('20-08-2014 15:58:21', 'dd-mm-yyyy hh24:mi:ss'), 4);
insert into WORKBENCH_PLATFORM_PORTLET (ID, PLATFORM_ID, PORTLET_ID, EDITABLE, SELF_NAME, ADD_TIME, PT_ORDER)
values ('40F584286B334A74846AA453FBF3445B', '6D058E6F74E34C03AF692E9D4466E881', '10', '1', null, to_date('20-08-2014 15:58:21', 'dd-mm-yyyy hh24:mi:ss'), 9);
insert into WORKBENCH_PLATFORM_PORTLET (ID, PLATFORM_ID, PORTLET_ID, EDITABLE, SELF_NAME, ADD_TIME, PT_ORDER)
values ('832C883089B1473A9EE7BE01CEAD2090', '6D058E6F74E34C03AF692E9D4466E881', '09', '1', null, to_date('20-08-2014 15:58:21', 'dd-mm-yyyy hh24:mi:ss'), 9);
insert into WORKBENCH_PLATFORM_PORTLET (ID, PLATFORM_ID, PORTLET_ID, EDITABLE, SELF_NAME, ADD_TIME, PT_ORDER)
values ('3398E62DB5284853BC30BB8400C59E20', '6D058E6F74E34C03AF692E9D4466E881', '08', '1', null, to_date('20-08-2014 15:58:21', 'dd-mm-yyyy hh24:mi:ss'), 8);
insert into WORKBENCH_PLATFORM_PORTLET (ID, PLATFORM_ID, PORTLET_ID, EDITABLE, SELF_NAME, ADD_TIME, PT_ORDER)
values ('B0C222F2EA36457D842CAFB09FA4A69D', '6D058E6F74E34C03AF692E9D4466E881', '07', '1', null, to_date('20-08-2014 15:58:21', 'dd-mm-yyyy hh24:mi:ss'), 7);
insert into WORKBENCH_PLATFORM_PORTLET (ID, PLATFORM_ID, PORTLET_ID, EDITABLE, SELF_NAME, ADD_TIME, PT_ORDER)
values ('A0115E4D3BF24A4F8294C3525F3353D5', '6D058E6F74E34C03AF692E9D4466E881', '06', '1', null, to_date('20-08-2014 15:58:21', 'dd-mm-yyyy hh24:mi:ss'), 6);
insert into WORKBENCH_PLATFORM_PORTLET (ID, PLATFORM_ID, PORTLET_ID, EDITABLE, SELF_NAME, ADD_TIME, PT_ORDER)
values ('98ACAEDAC9A9453DA9C7E399CD00334D', '6D058E6F74E34C03AF692E9D4466E881', '05', '1', null, to_date('20-08-2014 15:58:21', 'dd-mm-yyyy hh24:mi:ss'), 5);
insert into WORKBENCH_PLATFORM_PORTLET (ID, PLATFORM_ID, PORTLET_ID, EDITABLE, SELF_NAME, ADD_TIME, PT_ORDER)
values ('7C421BEBB000462BB6619321BA47EA11', '6D058E6F74E34C03AF692E9D4466E881', '01', '1', null, to_date('20-08-2014 15:58:21', 'dd-mm-yyyy hh24:mi:ss'), 1);
insert into WORKBENCH_PLATFORM_PORTLET (ID, PLATFORM_ID, PORTLET_ID, EDITABLE, SELF_NAME, ADD_TIME, PT_ORDER)
values ('7CB3D2B66C404489BCCAA90237D8CB1D', '6D058E6F74E34C03AF692E9D4466E881', '02', '1', null, to_date('20-08-2014 15:58:21', 'dd-mm-yyyy hh24:mi:ss'), 2);
insert into WORKBENCH_PLATFORM_PORTLET (ID, PLATFORM_ID, PORTLET_ID, EDITABLE, SELF_NAME, ADD_TIME, PT_ORDER)
values ('C3EAB621A41647AC9CA4C4D0BC1509B7', '96526645F7EC4B038120B8D84870FB11', '05', '0', null, to_date('20-08-2014 16:40:19', 'dd-mm-yyyy hh24:mi:ss'), 5);
insert into WORKBENCH_PLATFORM_PORTLET (ID, PLATFORM_ID, PORTLET_ID, EDITABLE, SELF_NAME, ADD_TIME, PT_ORDER)
values ('A9886D54C5C549E18B2B630573AA71EA', '96526645F7EC4B038120B8D84870FB11', '06', '0', null, to_date('20-08-2014 16:40:19', 'dd-mm-yyyy hh24:mi:ss'), 1);
insert into WORKBENCH_PLATFORM_PORTLET (ID, PLATFORM_ID, PORTLET_ID, EDITABLE, SELF_NAME, ADD_TIME, PT_ORDER)
values ('680C320FDC434893B12D0DCF6986DC42', '96526645F7EC4B038120B8D84870FB11', '07', '0', null, to_date('20-08-2014 16:40:19', 'dd-mm-yyyy hh24:mi:ss'), 2);
insert into WORKBENCH_PLATFORM_PORTLET (ID, PLATFORM_ID, PORTLET_ID, EDITABLE, SELF_NAME, ADD_TIME, PT_ORDER)
values ('A0379D12104949FA8EF113A37D40BDB8', '96526645F7EC4B038120B8D84870FB11', '08', '0', null, to_date('20-08-2014 16:40:19', 'dd-mm-yyyy hh24:mi:ss'), 3);
insert into WORKBENCH_PLATFORM_PORTLET (ID, PLATFORM_ID, PORTLET_ID, EDITABLE, SELF_NAME, ADD_TIME, PT_ORDER)
values ('8185BB6924384DE09F8148CF847231ED', '96526645F7EC4B038120B8D84870FB11', '09', '0', null, to_date('20-08-2014 16:40:19', 'dd-mm-yyyy hh24:mi:ss'), 4);
insert into WORKBENCH_PLATFORM_PORTLET (ID, PLATFORM_ID, PORTLET_ID, EDITABLE, SELF_NAME, ADD_TIME, PT_ORDER)
values ('3BE02EA8D569410FBD97C3C0C881CCAD', '96526645F7EC4B038120B8D84870FB11', '01', '0', null, to_date('20-08-2014 16:40:19', 'dd-mm-yyyy hh24:mi:ss'), 1);
insert into WORKBENCH_PLATFORM_PORTLET (ID, PLATFORM_ID, PORTLET_ID, EDITABLE, SELF_NAME, ADD_TIME, PT_ORDER)
values ('9AAFCEE3C0634B82A1D3A673C384C8AD', '96526645F7EC4B038120B8D84870FB11', '02', '0', null, to_date('20-08-2014 16:40:19', 'dd-mm-yyyy hh24:mi:ss'), 2);
insert into WORKBENCH_PLATFORM_PORTLET (ID, PLATFORM_ID, PORTLET_ID, EDITABLE, SELF_NAME, ADD_TIME, PT_ORDER)
values ('5C86E315A6D54428AE9268416A1666DA', '96526645F7EC4B038120B8D84870FB11', '03', '0', null, to_date('20-08-2014 16:40:19', 'dd-mm-yyyy hh24:mi:ss'), 3);
insert into WORKBENCH_PLATFORM_PORTLET (ID, PLATFORM_ID, PORTLET_ID, EDITABLE, SELF_NAME, ADD_TIME, PT_ORDER)
values ('E312D5269CCB426688E6E29649E203F7', '96526645F7EC4B038120B8D84870FB11', '04', '0', null, to_date('20-08-2014 16:40:19', 'dd-mm-yyyy hh24:mi:ss'), 4);
insert into WORKBENCH_PLATFORM_PORTLET (ID, PLATFORM_ID, PORTLET_ID, EDITABLE, SELF_NAME, ADD_TIME, PT_ORDER)
values ('3B2ABA62F23043FEAA48FAA8D75AA08E', 'FAFFD25233AD466AA0313F0A58FC0211', '03', '0', null, to_date('23-08-2014 17:37:29', 'dd-mm-yyyy hh24:mi:ss'), 3);
insert into WORKBENCH_PLATFORM_PORTLET (ID, PLATFORM_ID, PORTLET_ID, EDITABLE, SELF_NAME, ADD_TIME, PT_ORDER)
values ('A0E793D115964E2CB3D0652C57B99524', 'FAFFD25233AD466AA0313F0A58FC0211', '04', '0', null, to_date('23-08-2014 17:37:29', 'dd-mm-yyyy hh24:mi:ss'), 4);
insert into WORKBENCH_PLATFORM_PORTLET (ID, PLATFORM_ID, PORTLET_ID, EDITABLE, SELF_NAME, ADD_TIME, PT_ORDER)
values ('61C3D8F0039A491F9635700317E1D83E', 'FAFFD25233AD466AA0313F0A58FC0211', '10', '0', null, to_date('23-08-2014 17:37:29', 'dd-mm-yyyy hh24:mi:ss'), 9);
insert into WORKBENCH_PLATFORM_PORTLET (ID, PLATFORM_ID, PORTLET_ID, EDITABLE, SELF_NAME, ADD_TIME, PT_ORDER)
values ('52D596E3312E4CB78A751C85878DE78D', 'FAFFD25233AD466AA0313F0A58FC0211', '09', '0', null, to_date('23-08-2014 17:37:29', 'dd-mm-yyyy hh24:mi:ss'), 9);
insert into WORKBENCH_PLATFORM_PORTLET (ID, PLATFORM_ID, PORTLET_ID, EDITABLE, SELF_NAME, ADD_TIME, PT_ORDER)
values ('23F47C887ACC4932881FFD86D317C81E', 'FAFFD25233AD466AA0313F0A58FC0211', '08', '0', null, to_date('23-08-2014 17:37:29', 'dd-mm-yyyy hh24:mi:ss'), 8);
insert into WORKBENCH_PLATFORM_PORTLET (ID, PLATFORM_ID, PORTLET_ID, EDITABLE, SELF_NAME, ADD_TIME, PT_ORDER)
values ('D5FA91F12AF04713BD86E8E1DDEA45A3', 'FAFFD25233AD466AA0313F0A58FC0211', '07', '0', null, to_date('23-08-2014 17:37:29', 'dd-mm-yyyy hh24:mi:ss'), 7);
insert into WORKBENCH_PLATFORM_PORTLET (ID, PLATFORM_ID, PORTLET_ID, EDITABLE, SELF_NAME, ADD_TIME, PT_ORDER)
values ('D25300780520403FAA00A8DD2A75A90B', 'FAFFD25233AD466AA0313F0A58FC0211', '06', '0', null, to_date('23-08-2014 17:37:29', 'dd-mm-yyyy hh24:mi:ss'), 6);
insert into WORKBENCH_PLATFORM_PORTLET (ID, PLATFORM_ID, PORTLET_ID, EDITABLE, SELF_NAME, ADD_TIME, PT_ORDER)
values ('1D909361D52B4F6397BBED402F88F9BA', '251D7AD980C24B09BE93E573ACF3891F', '03', '0', null, to_date('26-08-2014 14:44:00', 'dd-mm-yyyy hh24:mi:ss'), 3);
insert into WORKBENCH_PLATFORM_PORTLET (ID, PLATFORM_ID, PORTLET_ID, EDITABLE, SELF_NAME, ADD_TIME, PT_ORDER)
values ('C2A1169E74AD4EC19F57006B3A805F10', '251D7AD980C24B09BE93E573ACF3891F', '04', '0', null, to_date('26-08-2014 14:44:00', 'dd-mm-yyyy hh24:mi:ss'), 4);
insert into WORKBENCH_PLATFORM_PORTLET (ID, PLATFORM_ID, PORTLET_ID, EDITABLE, SELF_NAME, ADD_TIME, PT_ORDER)
values ('9059D9A21D2C43B686942109D4B6960A', '251D7AD980C24B09BE93E573ACF3891F', '10', '0', null, to_date('26-08-2014 14:44:00', 'dd-mm-yyyy hh24:mi:ss'), 9);
insert into WORKBENCH_PLATFORM_PORTLET (ID, PLATFORM_ID, PORTLET_ID, EDITABLE, SELF_NAME, ADD_TIME, PT_ORDER)
values ('94EF28A83DC24C3AA97256AC3055B696', '251D7AD980C24B09BE93E573ACF3891F', '09', '0', null, to_date('26-08-2014 14:44:00', 'dd-mm-yyyy hh24:mi:ss'), 9);
insert into WORKBENCH_PLATFORM_PORTLET (ID, PLATFORM_ID, PORTLET_ID, EDITABLE, SELF_NAME, ADD_TIME, PT_ORDER)
values ('EABB07C55E2E48438A7DF5575628EFCA', '251D7AD980C24B09BE93E573ACF3891F', '08', '0', null, to_date('26-08-2014 14:44:00', 'dd-mm-yyyy hh24:mi:ss'), 8);
insert into WORKBENCH_PLATFORM_PORTLET (ID, PLATFORM_ID, PORTLET_ID, EDITABLE, SELF_NAME, ADD_TIME, PT_ORDER)
values ('20591F62596B42289F28E627A21BC756', '251D7AD980C24B09BE93E573ACF3891F', '07', '0', null, to_date('26-08-2014 14:44:00', 'dd-mm-yyyy hh24:mi:ss'), 7);
insert into WORKBENCH_PLATFORM_PORTLET (ID, PLATFORM_ID, PORTLET_ID, EDITABLE, SELF_NAME, ADD_TIME, PT_ORDER)
values ('2F79E06A53C945BCAAE9229F0A31C87F', '251D7AD980C24B09BE93E573ACF3891F', '06', '0', null, to_date('26-08-2014 14:44:00', 'dd-mm-yyyy hh24:mi:ss'), 6);
insert into WORKBENCH_PLATFORM_PORTLET (ID, PLATFORM_ID, PORTLET_ID, EDITABLE, SELF_NAME, ADD_TIME, PT_ORDER)
values ('B4DE1F919C76476DAE5C584291732899', 'FAFFD25233AD466AA0313F0A58FC0211', '01', '0', null, to_date('23-08-2014 17:37:29', 'dd-mm-yyyy hh24:mi:ss'), 1);
insert into WORKBENCH_PLATFORM_PORTLET (ID, PLATFORM_ID, PORTLET_ID, EDITABLE, SELF_NAME, ADD_TIME, PT_ORDER)
values ('4C2CD9EC30B943C8A1E3AFA78FD9BA2F', 'FAFFD25233AD466AA0313F0A58FC0211', '02', '0', null, to_date('23-08-2014 17:37:29', 'dd-mm-yyyy hh24:mi:ss'), 2);
insert into WORKBENCH_PLATFORM_PORTLET (ID, PLATFORM_ID, PORTLET_ID, EDITABLE, SELF_NAME, ADD_TIME, PT_ORDER)
values ('D3A79E9472AA4D8BBDA798657AA21AF2', 'FAFFD25233AD466AA0313F0A58FC0211', '05', '0', null, to_date('23-08-2014 17:37:30', 'dd-mm-yyyy hh24:mi:ss'), 5);
commit;
prompt 200 records committed...
insert into WORKBENCH_PLATFORM_PORTLET (ID, PLATFORM_ID, PORTLET_ID, EDITABLE, SELF_NAME, ADD_TIME, PT_ORDER)
values ('D6471EA873304389873067715AE3E834', '251D7AD980C24B09BE93E573ACF3891F', '05', '0', null, to_date('26-08-2014 14:44:00', 'dd-mm-yyyy hh24:mi:ss'), 5);
insert into WORKBENCH_PLATFORM_PORTLET (ID, PLATFORM_ID, PORTLET_ID, EDITABLE, SELF_NAME, ADD_TIME, PT_ORDER)
values ('00CA684455B445C3B5659E1A2F6E0D25', '6FB9854FB4FA4451B1189C7A613AA1D4', '03', '0', null, to_date('29-08-2014 10:09:17', 'dd-mm-yyyy hh24:mi:ss'), 3);
insert into WORKBENCH_PLATFORM_PORTLET (ID, PLATFORM_ID, PORTLET_ID, EDITABLE, SELF_NAME, ADD_TIME, PT_ORDER)
values ('70F2CB4575C04B1198542356DB71473C', '6FB9854FB4FA4451B1189C7A613AA1D4', '04', '0', null, to_date('29-08-2014 10:09:17', 'dd-mm-yyyy hh24:mi:ss'), 4);
insert into WORKBENCH_PLATFORM_PORTLET (ID, PLATFORM_ID, PORTLET_ID, EDITABLE, SELF_NAME, ADD_TIME, PT_ORDER)
values ('FC3E2FE5F02E453B8128F71CE3D3A9C0', '6FB9854FB4FA4451B1189C7A613AA1D4', '01', '0', null, to_date('29-08-2014 10:09:16', 'dd-mm-yyyy hh24:mi:ss'), 1);
insert into WORKBENCH_PLATFORM_PORTLET (ID, PLATFORM_ID, PORTLET_ID, EDITABLE, SELF_NAME, ADD_TIME, PT_ORDER)
values ('13F96E24AB534541AFDACD19CE5A72F3', '6FB9854FB4FA4451B1189C7A613AA1D4', '02', '0', null, to_date('29-08-2014 10:09:17', 'dd-mm-yyyy hh24:mi:ss'), 2);
insert into WORKBENCH_PLATFORM_PORTLET (ID, PLATFORM_ID, PORTLET_ID, EDITABLE, SELF_NAME, ADD_TIME, PT_ORDER)
values ('EF458D95A5F04F1C963096AA929ADF5C', '251D7AD980C24B09BE93E573ACF3891F', '01', '0', null, to_date('26-08-2014 14:44:00', 'dd-mm-yyyy hh24:mi:ss'), 1);
insert into WORKBENCH_PLATFORM_PORTLET (ID, PLATFORM_ID, PORTLET_ID, EDITABLE, SELF_NAME, ADD_TIME, PT_ORDER)
values ('5FCB765891314BF1991DDE8CE65781FD', '251D7AD980C24B09BE93E573ACF3891F', '02', '0', null, to_date('26-08-2014 14:44:00', 'dd-mm-yyyy hh24:mi:ss'), 2);
insert into WORKBENCH_PLATFORM_PORTLET (ID, PLATFORM_ID, PORTLET_ID, EDITABLE, SELF_NAME, ADD_TIME, PT_ORDER)
values ('6AE8DCDDE3CA4AA1B4195082458D6C5A', '6FB9854FB4FA4451B1189C7A613AA1D4', '10', '0', null, to_date('29-08-2014 10:09:17', 'dd-mm-yyyy hh24:mi:ss'), 9);
insert into WORKBENCH_PLATFORM_PORTLET (ID, PLATFORM_ID, PORTLET_ID, EDITABLE, SELF_NAME, ADD_TIME, PT_ORDER)
values ('26819323FCC64201800FBC9D18B9B701', '6FB9854FB4FA4451B1189C7A613AA1D4', '09', '0', null, to_date('29-08-2014 10:09:17', 'dd-mm-yyyy hh24:mi:ss'), 9);
insert into WORKBENCH_PLATFORM_PORTLET (ID, PLATFORM_ID, PORTLET_ID, EDITABLE, SELF_NAME, ADD_TIME, PT_ORDER)
values ('47BE116EE38F4E8CBB5C25D5F7ACFBB7', '6FB9854FB4FA4451B1189C7A613AA1D4', '08', '0', null, to_date('29-08-2014 10:09:17', 'dd-mm-yyyy hh24:mi:ss'), 8);
insert into WORKBENCH_PLATFORM_PORTLET (ID, PLATFORM_ID, PORTLET_ID, EDITABLE, SELF_NAME, ADD_TIME, PT_ORDER)
values ('F68AAEA4952D4919962B013AA2230E0B', '6FB9854FB4FA4451B1189C7A613AA1D4', '07', '0', null, to_date('29-08-2014 10:09:17', 'dd-mm-yyyy hh24:mi:ss'), 7);
insert into WORKBENCH_PLATFORM_PORTLET (ID, PLATFORM_ID, PORTLET_ID, EDITABLE, SELF_NAME, ADD_TIME, PT_ORDER)
values ('BF9E48A3ED51498FA7C08EDA069E4AF7', '6FB9854FB4FA4451B1189C7A613AA1D4', '06', '0', null, to_date('29-08-2014 10:09:17', 'dd-mm-yyyy hh24:mi:ss'), 6);
insert into WORKBENCH_PLATFORM_PORTLET (ID, PLATFORM_ID, PORTLET_ID, EDITABLE, SELF_NAME, ADD_TIME, PT_ORDER)
values ('C699A87F1FD44CFC9D25C3F99480A79A', '6FB9854FB4FA4451B1189C7A613AA1D4', '05', '0', null, to_date('29-08-2014 10:09:18', 'dd-mm-yyyy hh24:mi:ss'), 5);
insert into WORKBENCH_PLATFORM_PORTLET (ID, PLATFORM_ID, PORTLET_ID, EDITABLE, SELF_NAME, ADD_TIME, PT_ORDER)
values ('1D242C138F254F8BA3BF8011803B5A9E', '1C415730D51B41E68C0F514D7229BD3F', '01', '1', null, to_date('03-09-2014 10:24:08', 'dd-mm-yyyy hh24:mi:ss'), 1);
insert into WORKBENCH_PLATFORM_PORTLET (ID, PLATFORM_ID, PORTLET_ID, EDITABLE, SELF_NAME, ADD_TIME, PT_ORDER)
values ('2B3AA66AFF544EB38840B3BBDB477446', '1C415730D51B41E68C0F514D7229BD3F', '03', '1', null, to_date('03-09-2014 10:24:08', 'dd-mm-yyyy hh24:mi:ss'), 3);
insert into WORKBENCH_PLATFORM_PORTLET (ID, PLATFORM_ID, PORTLET_ID, EDITABLE, SELF_NAME, ADD_TIME, PT_ORDER)
values ('587ACEE46B1F443581A5EACA9DB86875', '1C415730D51B41E68C0F514D7229BD3F', '04', '1', null, to_date('03-09-2014 10:24:08', 'dd-mm-yyyy hh24:mi:ss'), 4);
insert into WORKBENCH_PLATFORM_PORTLET (ID, PLATFORM_ID, PORTLET_ID, EDITABLE, SELF_NAME, ADD_TIME, PT_ORDER)
values ('E368AC37F8C34B888272FA7633DA9903', '1C415730D51B41E68C0F514D7229BD3F', '10', '1', null, to_date('03-09-2014 10:24:08', 'dd-mm-yyyy hh24:mi:ss'), 9);
insert into WORKBENCH_PLATFORM_PORTLET (ID, PLATFORM_ID, PORTLET_ID, EDITABLE, SELF_NAME, ADD_TIME, PT_ORDER)
values ('CC0F8E1C4C734AF0AF2936DBB1E01B14', '1C415730D51B41E68C0F514D7229BD3F', '02', '1', null, to_date('03-09-2014 10:24:08', 'dd-mm-yyyy hh24:mi:ss'), 2);
insert into WORKBENCH_PLATFORM_PORTLET (ID, PLATFORM_ID, PORTLET_ID, EDITABLE, SELF_NAME, ADD_TIME, PT_ORDER)
values ('9A919C241654452E8B07A17D05B4F6AB', '1C415730D51B41E68C0F514D7229BD3F', '09', '1', null, to_date('03-09-2014 10:24:08', 'dd-mm-yyyy hh24:mi:ss'), 9);
insert into WORKBENCH_PLATFORM_PORTLET (ID, PLATFORM_ID, PORTLET_ID, EDITABLE, SELF_NAME, ADD_TIME, PT_ORDER)
values ('BD169C77BF904C80A44725725573338E', '1C415730D51B41E68C0F514D7229BD3F', '08', '1', null, to_date('03-09-2014 10:24:08', 'dd-mm-yyyy hh24:mi:ss'), 8);
insert into WORKBENCH_PLATFORM_PORTLET (ID, PLATFORM_ID, PORTLET_ID, EDITABLE, SELF_NAME, ADD_TIME, PT_ORDER)
values ('A5B5F64CDED64F22BAA38FAF7A7126B6', '1C415730D51B41E68C0F514D7229BD3F', '07', '1', null, to_date('03-09-2014 10:24:08', 'dd-mm-yyyy hh24:mi:ss'), 7);
insert into WORKBENCH_PLATFORM_PORTLET (ID, PLATFORM_ID, PORTLET_ID, EDITABLE, SELF_NAME, ADD_TIME, PT_ORDER)
values ('CAF6ACE9C9904F9C9A5EE8991B74D066', '1C415730D51B41E68C0F514D7229BD3F', '06', '1', null, to_date('03-09-2014 10:24:08', 'dd-mm-yyyy hh24:mi:ss'), 6);
insert into WORKBENCH_PLATFORM_PORTLET (ID, PLATFORM_ID, PORTLET_ID, EDITABLE, SELF_NAME, ADD_TIME, PT_ORDER)
values ('9C745288FE19475DB4F090C656FED016', '1C415730D51B41E68C0F514D7229BD3F', '05', '1', null, to_date('03-09-2014 10:24:08', 'dd-mm-yyyy hh24:mi:ss'), 5);
insert into WORKBENCH_PLATFORM_PORTLET (ID, PLATFORM_ID, PORTLET_ID, EDITABLE, SELF_NAME, ADD_TIME, PT_ORDER)
values ('B22C759CD971417F976E9806C6E0D42D', '38461898CCAF47C4A0C851289245C453', '01', '1', null, to_date('03-09-2014 17:24:44', 'dd-mm-yyyy hh24:mi:ss'), 1);
insert into WORKBENCH_PLATFORM_PORTLET (ID, PLATFORM_ID, PORTLET_ID, EDITABLE, SELF_NAME, ADD_TIME, PT_ORDER)
values ('DCF944E014AF4D1BBDB6B92759A62BD1', '38461898CCAF47C4A0C851289245C453', '03', '1', null, to_date('03-09-2014 17:24:44', 'dd-mm-yyyy hh24:mi:ss'), 3);
insert into WORKBENCH_PLATFORM_PORTLET (ID, PLATFORM_ID, PORTLET_ID, EDITABLE, SELF_NAME, ADD_TIME, PT_ORDER)
values ('D23340FC9E2C4481AEBBE66C087E1107', '38461898CCAF47C4A0C851289245C453', '02', '1', null, to_date('03-09-2014 17:24:44', 'dd-mm-yyyy hh24:mi:ss'), 2);
insert into WORKBENCH_PLATFORM_PORTLET (ID, PLATFORM_ID, PORTLET_ID, EDITABLE, SELF_NAME, ADD_TIME, PT_ORDER)
values ('8CF75392D31140DF9D0965AA6D82D302', '38461898CCAF47C4A0C851289245C453', '04', '1', null, to_date('03-09-2014 17:24:44', 'dd-mm-yyyy hh24:mi:ss'), 4);
insert into WORKBENCH_PLATFORM_PORTLET (ID, PLATFORM_ID, PORTLET_ID, EDITABLE, SELF_NAME, ADD_TIME, PT_ORDER)
values ('0130D19B349A4E308D6F6C34D7342D25', '38461898CCAF47C4A0C851289245C453', '10', '1', null, to_date('03-09-2014 17:24:44', 'dd-mm-yyyy hh24:mi:ss'), 9);
insert into WORKBENCH_PLATFORM_PORTLET (ID, PLATFORM_ID, PORTLET_ID, EDITABLE, SELF_NAME, ADD_TIME, PT_ORDER)
values ('51105872CCA8463D9F299E098A733E1C', '38461898CCAF47C4A0C851289245C453', '09', '1', null, to_date('03-09-2014 17:24:44', 'dd-mm-yyyy hh24:mi:ss'), 9);
insert into WORKBENCH_PLATFORM_PORTLET (ID, PLATFORM_ID, PORTLET_ID, EDITABLE, SELF_NAME, ADD_TIME, PT_ORDER)
values ('0CA395F28BB144538D2501134328CCFC', '38461898CCAF47C4A0C851289245C453', '08', '1', null, to_date('03-09-2014 17:24:44', 'dd-mm-yyyy hh24:mi:ss'), 8);
insert into WORKBENCH_PLATFORM_PORTLET (ID, PLATFORM_ID, PORTLET_ID, EDITABLE, SELF_NAME, ADD_TIME, PT_ORDER)
values ('E71CF0C94C3E44A6A2B3DA5866A98E1B', '38461898CCAF47C4A0C851289245C453', '07', '1', null, to_date('03-09-2014 17:24:44', 'dd-mm-yyyy hh24:mi:ss'), 7);
insert into WORKBENCH_PLATFORM_PORTLET (ID, PLATFORM_ID, PORTLET_ID, EDITABLE, SELF_NAME, ADD_TIME, PT_ORDER)
values ('7565E94DDF194FE8AD00D626483CF1B6', '38461898CCAF47C4A0C851289245C453', '06', '1', null, to_date('03-09-2014 17:24:44', 'dd-mm-yyyy hh24:mi:ss'), 6);
insert into WORKBENCH_PLATFORM_PORTLET (ID, PLATFORM_ID, PORTLET_ID, EDITABLE, SELF_NAME, ADD_TIME, PT_ORDER)
values ('B51C9919DA5C433FB8A5859FF5A26533', '38461898CCAF47C4A0C851289245C453', '05', '1', null, to_date('03-09-2014 17:24:44', 'dd-mm-yyyy hh24:mi:ss'), 5);
insert into WORKBENCH_PLATFORM_PORTLET (ID, PLATFORM_ID, PORTLET_ID, EDITABLE, SELF_NAME, ADD_TIME, PT_ORDER)
values ('7B00E90957234190A975C9B5DBAAB3F4', 'BD11F061FCAD4328A6A3E24F87A3389C', '01', '1', null, to_date('03-09-2014 17:29:20', 'dd-mm-yyyy hh24:mi:ss'), 1);
insert into WORKBENCH_PLATFORM_PORTLET (ID, PLATFORM_ID, PORTLET_ID, EDITABLE, SELF_NAME, ADD_TIME, PT_ORDER)
values ('65746118CB104706B20C534D1A83D578', 'BD11F061FCAD4328A6A3E24F87A3389C', '02', '1', null, to_date('03-09-2014 17:29:20', 'dd-mm-yyyy hh24:mi:ss'), 2);
insert into WORKBENCH_PLATFORM_PORTLET (ID, PLATFORM_ID, PORTLET_ID, EDITABLE, SELF_NAME, ADD_TIME, PT_ORDER)
values ('124BDF415F0B49EEA61F50B776CC9221', 'BD11F061FCAD4328A6A3E24F87A3389C', '03', '1', null, to_date('03-09-2014 17:29:20', 'dd-mm-yyyy hh24:mi:ss'), 3);
insert into WORKBENCH_PLATFORM_PORTLET (ID, PLATFORM_ID, PORTLET_ID, EDITABLE, SELF_NAME, ADD_TIME, PT_ORDER)
values ('7A10714D87E647C19351BC128A2A184B', 'BD11F061FCAD4328A6A3E24F87A3389C', '04', '1', null, to_date('03-09-2014 17:29:20', 'dd-mm-yyyy hh24:mi:ss'), 4);
insert into WORKBENCH_PLATFORM_PORTLET (ID, PLATFORM_ID, PORTLET_ID, EDITABLE, SELF_NAME, ADD_TIME, PT_ORDER)
values ('F1780F1A45A84E2989627D2ADDAE3404', 'BD11F061FCAD4328A6A3E24F87A3389C', '10', '1', null, to_date('03-09-2014 17:29:20', 'dd-mm-yyyy hh24:mi:ss'), 9);
insert into WORKBENCH_PLATFORM_PORTLET (ID, PLATFORM_ID, PORTLET_ID, EDITABLE, SELF_NAME, ADD_TIME, PT_ORDER)
values ('BB333EA61DA24C91B4D9A7B91E0621A2', 'BD11F061FCAD4328A6A3E24F87A3389C', '09', '1', null, to_date('03-09-2014 17:29:20', 'dd-mm-yyyy hh24:mi:ss'), 9);
insert into WORKBENCH_PLATFORM_PORTLET (ID, PLATFORM_ID, PORTLET_ID, EDITABLE, SELF_NAME, ADD_TIME, PT_ORDER)
values ('4225AEF0465D4D878A1C5D6915BFE626', 'BD11F061FCAD4328A6A3E24F87A3389C', '08', '1', null, to_date('03-09-2014 17:29:20', 'dd-mm-yyyy hh24:mi:ss'), 8);
insert into WORKBENCH_PLATFORM_PORTLET (ID, PLATFORM_ID, PORTLET_ID, EDITABLE, SELF_NAME, ADD_TIME, PT_ORDER)
values ('E7D93DD089144EC9B292204988609552', 'BD11F061FCAD4328A6A3E24F87A3389C', '07', '1', null, to_date('03-09-2014 17:29:20', 'dd-mm-yyyy hh24:mi:ss'), 7);
insert into WORKBENCH_PLATFORM_PORTLET (ID, PLATFORM_ID, PORTLET_ID, EDITABLE, SELF_NAME, ADD_TIME, PT_ORDER)
values ('5618E51D26D049E7A056711C9C562075', 'BD11F061FCAD4328A6A3E24F87A3389C', '06', '1', null, to_date('03-09-2014 17:29:20', 'dd-mm-yyyy hh24:mi:ss'), 6);
insert into WORKBENCH_PLATFORM_PORTLET (ID, PLATFORM_ID, PORTLET_ID, EDITABLE, SELF_NAME, ADD_TIME, PT_ORDER)
values ('77970993F2FE46F49567A443DE5DA9FF', 'BD11F061FCAD4328A6A3E24F87A3389C', '05', '1', null, to_date('03-09-2014 17:29:20', 'dd-mm-yyyy hh24:mi:ss'), 5);
insert into WORKBENCH_PLATFORM_PORTLET (ID, PLATFORM_ID, PORTLET_ID, EDITABLE, SELF_NAME, ADD_TIME, PT_ORDER)
values ('E1DD7EDFC1B84AE68290D33336AE8D61', '1738AE50707E49B2984D445B3D589334', '03', '1', null, to_date('20-08-2014 16:02:32', 'dd-mm-yyyy hh24:mi:ss'), 3);
insert into WORKBENCH_PLATFORM_PORTLET (ID, PLATFORM_ID, PORTLET_ID, EDITABLE, SELF_NAME, ADD_TIME, PT_ORDER)
values ('6825AA362B494524B5B722CA4E2B13E2', '1738AE50707E49B2984D445B3D589334', '04', '1', null, to_date('20-08-2014 16:02:32', 'dd-mm-yyyy hh24:mi:ss'), 4);
insert into WORKBENCH_PLATFORM_PORTLET (ID, PLATFORM_ID, PORTLET_ID, EDITABLE, SELF_NAME, ADD_TIME, PT_ORDER)
values ('95E3081AB93A4417AF510296F1F160D5', '1738AE50707E49B2984D445B3D589334', '10', '1', null, to_date('20-08-2014 16:02:32', 'dd-mm-yyyy hh24:mi:ss'), 9);
insert into WORKBENCH_PLATFORM_PORTLET (ID, PLATFORM_ID, PORTLET_ID, EDITABLE, SELF_NAME, ADD_TIME, PT_ORDER)
values ('C7A319E5E5204AE597B596268BC579DE', '1738AE50707E49B2984D445B3D589334', '09', '1', null, to_date('20-08-2014 16:02:32', 'dd-mm-yyyy hh24:mi:ss'), 9);
insert into WORKBENCH_PLATFORM_PORTLET (ID, PLATFORM_ID, PORTLET_ID, EDITABLE, SELF_NAME, ADD_TIME, PT_ORDER)
values ('7FA238B9169C4FA0BE1A272BBC104000', '1738AE50707E49B2984D445B3D589334', '08', '1', null, to_date('20-08-2014 16:02:32', 'dd-mm-yyyy hh24:mi:ss'), 8);
insert into WORKBENCH_PLATFORM_PORTLET (ID, PLATFORM_ID, PORTLET_ID, EDITABLE, SELF_NAME, ADD_TIME, PT_ORDER)
values ('E36248798EA34EA5A0F2F01200824099', '1738AE50707E49B2984D445B3D589334', '07', '1', null, to_date('20-08-2014 16:02:32', 'dd-mm-yyyy hh24:mi:ss'), 7);
insert into WORKBENCH_PLATFORM_PORTLET (ID, PLATFORM_ID, PORTLET_ID, EDITABLE, SELF_NAME, ADD_TIME, PT_ORDER)
values ('5E436FEB3DEE47B19BD80DB0A0DA1F0B', '1738AE50707E49B2984D445B3D589334', '06', '1', null, to_date('20-08-2014 16:02:32', 'dd-mm-yyyy hh24:mi:ss'), 6);
insert into WORKBENCH_PLATFORM_PORTLET (ID, PLATFORM_ID, PORTLET_ID, EDITABLE, SELF_NAME, ADD_TIME, PT_ORDER)
values ('9548E25DFCE945EEBD1A0CAA1D46EFAF', '1738AE50707E49B2984D445B3D589334', '05', '1', null, to_date('20-08-2014 16:02:32', 'dd-mm-yyyy hh24:mi:ss'), 5);
insert into WORKBENCH_PLATFORM_PORTLET (ID, PLATFORM_ID, PORTLET_ID, EDITABLE, SELF_NAME, ADD_TIME, PT_ORDER)
values ('3A5950C81955426CB27D582A35D54799', 'E5FF8FC7A2CD4D568EEC24BB63717BE5', '03', '0', null, to_date('28-08-2014 16:16:31', 'dd-mm-yyyy hh24:mi:ss'), 3);
insert into WORKBENCH_PLATFORM_PORTLET (ID, PLATFORM_ID, PORTLET_ID, EDITABLE, SELF_NAME, ADD_TIME, PT_ORDER)
values ('2AB9F639FB034EFCBA7FADEA13ACFF2C', '1738AE50707E49B2984D445B3D589334', '01', '1', null, to_date('20-08-2014 16:02:32', 'dd-mm-yyyy hh24:mi:ss'), 1);
insert into WORKBENCH_PLATFORM_PORTLET (ID, PLATFORM_ID, PORTLET_ID, EDITABLE, SELF_NAME, ADD_TIME, PT_ORDER)
values ('CD8E6A6F95BA478991D7D63FCC078978', '1738AE50707E49B2984D445B3D589334', '02', '1', null, to_date('20-08-2014 16:02:32', 'dd-mm-yyyy hh24:mi:ss'), 2);
insert into WORKBENCH_PLATFORM_PORTLET (ID, PLATFORM_ID, PORTLET_ID, EDITABLE, SELF_NAME, ADD_TIME, PT_ORDER)
values ('897CE7A6104C4EB2824B893709C46EBD', 'E5FF8FC7A2CD4D568EEC24BB63717BE5', '01', '0', null, to_date('28-08-2014 16:16:31', 'dd-mm-yyyy hh24:mi:ss'), 1);
insert into WORKBENCH_PLATFORM_PORTLET (ID, PLATFORM_ID, PORTLET_ID, EDITABLE, SELF_NAME, ADD_TIME, PT_ORDER)
values ('DE14B0DD58904251B7477CCF08938B30', 'E5FF8FC7A2CD4D568EEC24BB63717BE5', '02', '0', null, to_date('28-08-2014 16:16:31', 'dd-mm-yyyy hh24:mi:ss'), 2);
insert into WORKBENCH_PLATFORM_PORTLET (ID, PLATFORM_ID, PORTLET_ID, EDITABLE, SELF_NAME, ADD_TIME, PT_ORDER)
values ('72D5BDCC1AEE491988F04956333BB598', 'E5FF8FC7A2CD4D568EEC24BB63717BE5', '04', '0', null, to_date('28-08-2014 16:16:31', 'dd-mm-yyyy hh24:mi:ss'), 4);
insert into WORKBENCH_PLATFORM_PORTLET (ID, PLATFORM_ID, PORTLET_ID, EDITABLE, SELF_NAME, ADD_TIME, PT_ORDER)
values ('BE2C3B7A99DC4135BB650FAB7E456FBD', 'E5FF8FC7A2CD4D568EEC24BB63717BE5', '10', '0', null, to_date('28-08-2014 16:16:31', 'dd-mm-yyyy hh24:mi:ss'), 9);
insert into WORKBENCH_PLATFORM_PORTLET (ID, PLATFORM_ID, PORTLET_ID, EDITABLE, SELF_NAME, ADD_TIME, PT_ORDER)
values ('C5EE0B013F4B4F53A1DB02D13410512A', 'E5FF8FC7A2CD4D568EEC24BB63717BE5', '09', '0', null, to_date('28-08-2014 16:16:31', 'dd-mm-yyyy hh24:mi:ss'), 9);
insert into WORKBENCH_PLATFORM_PORTLET (ID, PLATFORM_ID, PORTLET_ID, EDITABLE, SELF_NAME, ADD_TIME, PT_ORDER)
values ('A618E6572CE2493D9B9E311CBE578565', 'E5FF8FC7A2CD4D568EEC24BB63717BE5', '08', '0', null, to_date('28-08-2014 16:16:31', 'dd-mm-yyyy hh24:mi:ss'), 8);
insert into WORKBENCH_PLATFORM_PORTLET (ID, PLATFORM_ID, PORTLET_ID, EDITABLE, SELF_NAME, ADD_TIME, PT_ORDER)
values ('44CB84F612A94910939F5223577FBE6A', 'E5FF8FC7A2CD4D568EEC24BB63717BE5', '07', '0', null, to_date('28-08-2014 16:16:31', 'dd-mm-yyyy hh24:mi:ss'), 7);
insert into WORKBENCH_PLATFORM_PORTLET (ID, PLATFORM_ID, PORTLET_ID, EDITABLE, SELF_NAME, ADD_TIME, PT_ORDER)
values ('C5EA10B6D358429EAE9DFE871E6D883C', 'E5FF8FC7A2CD4D568EEC24BB63717BE5', '06', '0', null, to_date('28-08-2014 16:16:31', 'dd-mm-yyyy hh24:mi:ss'), 6);
insert into WORKBENCH_PLATFORM_PORTLET (ID, PLATFORM_ID, PORTLET_ID, EDITABLE, SELF_NAME, ADD_TIME, PT_ORDER)
values ('B2BB6DF8D8EE404D99EBAA1993B13790', 'E5FF8FC7A2CD4D568EEC24BB63717BE5', '05', '0', null, to_date('28-08-2014 16:16:31', 'dd-mm-yyyy hh24:mi:ss'), 5);
insert into WORKBENCH_PLATFORM_PORTLET (ID, PLATFORM_ID, PORTLET_ID, EDITABLE, SELF_NAME, ADD_TIME, PT_ORDER)
values ('14895A2346E54559AD2BC36094B91D3F', 'FFCFE271B12D47B9A811F24B75EC01F9', '01', '0', null, to_date('28-08-2014 16:16:54', 'dd-mm-yyyy hh24:mi:ss'), 1);
insert into WORKBENCH_PLATFORM_PORTLET (ID, PLATFORM_ID, PORTLET_ID, EDITABLE, SELF_NAME, ADD_TIME, PT_ORDER)
values ('3AA224FB86E14B75884CDBC1AF5438D0', 'FFCFE271B12D47B9A811F24B75EC01F9', '02', '0', null, to_date('28-08-2014 16:16:54', 'dd-mm-yyyy hh24:mi:ss'), 2);
insert into WORKBENCH_PLATFORM_PORTLET (ID, PLATFORM_ID, PORTLET_ID, EDITABLE, SELF_NAME, ADD_TIME, PT_ORDER)
values ('5451E40C4EAD475E8308ED04F7E046D7', 'FFCFE271B12D47B9A811F24B75EC01F9', '03', '0', null, to_date('28-08-2014 16:16:54', 'dd-mm-yyyy hh24:mi:ss'), 3);
insert into WORKBENCH_PLATFORM_PORTLET (ID, PLATFORM_ID, PORTLET_ID, EDITABLE, SELF_NAME, ADD_TIME, PT_ORDER)
values ('EDDFACF381114B93B73FCB9BFE432516', 'FFCFE271B12D47B9A811F24B75EC01F9', '04', '0', null, to_date('28-08-2014 16:16:54', 'dd-mm-yyyy hh24:mi:ss'), 4);
insert into WORKBENCH_PLATFORM_PORTLET (ID, PLATFORM_ID, PORTLET_ID, EDITABLE, SELF_NAME, ADD_TIME, PT_ORDER)
values ('E24CC5B5AF0B4B8989AC2DB18901E7FB', 'FFCFE271B12D47B9A811F24B75EC01F9', '10', '0', null, to_date('28-08-2014 16:16:54', 'dd-mm-yyyy hh24:mi:ss'), 9);
insert into WORKBENCH_PLATFORM_PORTLET (ID, PLATFORM_ID, PORTLET_ID, EDITABLE, SELF_NAME, ADD_TIME, PT_ORDER)
values ('8DF46AC441924646A3B3E3803B7DAF1F', 'FFCFE271B12D47B9A811F24B75EC01F9', '09', '0', null, to_date('28-08-2014 16:16:54', 'dd-mm-yyyy hh24:mi:ss'), 9);
insert into WORKBENCH_PLATFORM_PORTLET (ID, PLATFORM_ID, PORTLET_ID, EDITABLE, SELF_NAME, ADD_TIME, PT_ORDER)
values ('88CD583452614BFF86E014A1B5D03360', 'FFCFE271B12D47B9A811F24B75EC01F9', '08', '0', null, to_date('28-08-2014 16:16:54', 'dd-mm-yyyy hh24:mi:ss'), 8);
insert into WORKBENCH_PLATFORM_PORTLET (ID, PLATFORM_ID, PORTLET_ID, EDITABLE, SELF_NAME, ADD_TIME, PT_ORDER)
values ('31F40D91C92843A7820709C8ED39CA7A', 'FFCFE271B12D47B9A811F24B75EC01F9', '07', '0', null, to_date('28-08-2014 16:16:54', 'dd-mm-yyyy hh24:mi:ss'), 7);
insert into WORKBENCH_PLATFORM_PORTLET (ID, PLATFORM_ID, PORTLET_ID, EDITABLE, SELF_NAME, ADD_TIME, PT_ORDER)
values ('E883CB2350C74ACEBEC8D212CC1732CF', 'FFCFE271B12D47B9A811F24B75EC01F9', '06', '0', null, to_date('28-08-2014 16:16:54', 'dd-mm-yyyy hh24:mi:ss'), 6);
insert into WORKBENCH_PLATFORM_PORTLET (ID, PLATFORM_ID, PORTLET_ID, EDITABLE, SELF_NAME, ADD_TIME, PT_ORDER)
values ('1AC659B8206B49249CABC4426A2E7ABE', 'FFCFE271B12D47B9A811F24B75EC01F9', '05', '0', null, to_date('28-08-2014 16:16:54', 'dd-mm-yyyy hh24:mi:ss'), 5);
insert into WORKBENCH_PLATFORM_PORTLET (ID, PLATFORM_ID, PORTLET_ID, EDITABLE, SELF_NAME, ADD_TIME, PT_ORDER)
values ('24D62E96084B44B5B15F9253B4A20463', '8EA2FA16FA394CA093610C5F00DE75D6', '01', '0', null, to_date('29-08-2014 10:10:29', 'dd-mm-yyyy hh24:mi:ss'), 1);
insert into WORKBENCH_PLATFORM_PORTLET (ID, PLATFORM_ID, PORTLET_ID, EDITABLE, SELF_NAME, ADD_TIME, PT_ORDER)
values ('E00C126C55C34B8C9AEE80DB9322EB1C', '8EA2FA16FA394CA093610C5F00DE75D6', '02', '0', null, to_date('29-08-2014 10:10:29', 'dd-mm-yyyy hh24:mi:ss'), 2);
insert into WORKBENCH_PLATFORM_PORTLET (ID, PLATFORM_ID, PORTLET_ID, EDITABLE, SELF_NAME, ADD_TIME, PT_ORDER)
values ('04DCD7A5F1F44C86809869639784FD43', '8EA2FA16FA394CA093610C5F00DE75D6', '03', '0', null, to_date('29-08-2014 10:10:29', 'dd-mm-yyyy hh24:mi:ss'), 3);
insert into WORKBENCH_PLATFORM_PORTLET (ID, PLATFORM_ID, PORTLET_ID, EDITABLE, SELF_NAME, ADD_TIME, PT_ORDER)
values ('3A664B5360144938AF5E9D864BF8F0FD', '8EA2FA16FA394CA093610C5F00DE75D6', '04', '0', null, to_date('29-08-2014 10:10:29', 'dd-mm-yyyy hh24:mi:ss'), 4);
insert into WORKBENCH_PLATFORM_PORTLET (ID, PLATFORM_ID, PORTLET_ID, EDITABLE, SELF_NAME, ADD_TIME, PT_ORDER)
values ('6D9E835E18834355B466FFB7960751B0', '8EA2FA16FA394CA093610C5F00DE75D6', '10', '0', null, to_date('29-08-2014 10:10:30', 'dd-mm-yyyy hh24:mi:ss'), 9);
insert into WORKBENCH_PLATFORM_PORTLET (ID, PLATFORM_ID, PORTLET_ID, EDITABLE, SELF_NAME, ADD_TIME, PT_ORDER)
values ('22B2A036E2FE42478BDEFA553D755A35', '8EA2FA16FA394CA093610C5F00DE75D6', '09', '0', null, to_date('29-08-2014 10:10:30', 'dd-mm-yyyy hh24:mi:ss'), 9);
insert into WORKBENCH_PLATFORM_PORTLET (ID, PLATFORM_ID, PORTLET_ID, EDITABLE, SELF_NAME, ADD_TIME, PT_ORDER)
values ('FA2935EB40EA492EA0F6A80D36591589', '8EA2FA16FA394CA093610C5F00DE75D6', '08', '0', null, to_date('29-08-2014 10:10:30', 'dd-mm-yyyy hh24:mi:ss'), 8);
insert into WORKBENCH_PLATFORM_PORTLET (ID, PLATFORM_ID, PORTLET_ID, EDITABLE, SELF_NAME, ADD_TIME, PT_ORDER)
values ('1B30F96290E24969827331231E4A7735', '8EA2FA16FA394CA093610C5F00DE75D6', '07', '0', null, to_date('29-08-2014 10:10:30', 'dd-mm-yyyy hh24:mi:ss'), 7);
insert into WORKBENCH_PLATFORM_PORTLET (ID, PLATFORM_ID, PORTLET_ID, EDITABLE, SELF_NAME, ADD_TIME, PT_ORDER)
values ('F26664E2F1D94902A1B62E71C291EB35', '8EA2FA16FA394CA093610C5F00DE75D6', '06', '0', null, to_date('29-08-2014 10:10:30', 'dd-mm-yyyy hh24:mi:ss'), 6);
insert into WORKBENCH_PLATFORM_PORTLET (ID, PLATFORM_ID, PORTLET_ID, EDITABLE, SELF_NAME, ADD_TIME, PT_ORDER)
values ('5E31656D5FEF4B1386AE416A6E87DBDC', '8EA2FA16FA394CA093610C5F00DE75D6', '05', '0', null, to_date('29-08-2014 10:10:30', 'dd-mm-yyyy hh24:mi:ss'), 5);
insert into WORKBENCH_PLATFORM_PORTLET (ID, PLATFORM_ID, PORTLET_ID, EDITABLE, SELF_NAME, ADD_TIME, PT_ORDER)
values ('3F09A422094A4BD6B76FBF380EB0874D', '94F3EF11D6C742219BB246E7C5F9A605', '01', '1', null, to_date('02-09-2014 19:10:35', 'dd-mm-yyyy hh24:mi:ss'), 1);
insert into WORKBENCH_PLATFORM_PORTLET (ID, PLATFORM_ID, PORTLET_ID, EDITABLE, SELF_NAME, ADD_TIME, PT_ORDER)
values ('D2A2E7FDF7704594849BB1429BF29B76', '94F3EF11D6C742219BB246E7C5F9A605', '02', '1', null, to_date('02-09-2014 19:10:35', 'dd-mm-yyyy hh24:mi:ss'), 2);
insert into WORKBENCH_PLATFORM_PORTLET (ID, PLATFORM_ID, PORTLET_ID, EDITABLE, SELF_NAME, ADD_TIME, PT_ORDER)
values ('2D650749DE4F4924AF116A31E07A6E61', '94F3EF11D6C742219BB246E7C5F9A605', '03', '1', null, to_date('02-09-2014 19:10:35', 'dd-mm-yyyy hh24:mi:ss'), 3);
insert into WORKBENCH_PLATFORM_PORTLET (ID, PLATFORM_ID, PORTLET_ID, EDITABLE, SELF_NAME, ADD_TIME, PT_ORDER)
values ('F51488FF8EC74A8F879CF8304ACA60CB', '94F3EF11D6C742219BB246E7C5F9A605', '04', '1', null, to_date('02-09-2014 19:10:35', 'dd-mm-yyyy hh24:mi:ss'), 4);
insert into WORKBENCH_PLATFORM_PORTLET (ID, PLATFORM_ID, PORTLET_ID, EDITABLE, SELF_NAME, ADD_TIME, PT_ORDER)
values ('A344D5B1D50E43FDB24906914EE5B4F3', '94F3EF11D6C742219BB246E7C5F9A605', '10', '1', null, to_date('02-09-2014 19:10:35', 'dd-mm-yyyy hh24:mi:ss'), 9);
insert into WORKBENCH_PLATFORM_PORTLET (ID, PLATFORM_ID, PORTLET_ID, EDITABLE, SELF_NAME, ADD_TIME, PT_ORDER)
values ('D350600BAD744EE6BA6099630972BE7F', '94F3EF11D6C742219BB246E7C5F9A605', '09', '1', null, to_date('02-09-2014 19:10:35', 'dd-mm-yyyy hh24:mi:ss'), 9);
insert into WORKBENCH_PLATFORM_PORTLET (ID, PLATFORM_ID, PORTLET_ID, EDITABLE, SELF_NAME, ADD_TIME, PT_ORDER)
values ('AA08CC6E80714DBFA2B7C4BD6D1EE567', '94F3EF11D6C742219BB246E7C5F9A605', '08', '1', null, to_date('02-09-2014 19:10:35', 'dd-mm-yyyy hh24:mi:ss'), 8);
insert into WORKBENCH_PLATFORM_PORTLET (ID, PLATFORM_ID, PORTLET_ID, EDITABLE, SELF_NAME, ADD_TIME, PT_ORDER)
values ('A98A90A85C854847A3D2649908E47120', '94F3EF11D6C742219BB246E7C5F9A605', '07', '1', null, to_date('02-09-2014 19:10:35', 'dd-mm-yyyy hh24:mi:ss'), 7);
insert into WORKBENCH_PLATFORM_PORTLET (ID, PLATFORM_ID, PORTLET_ID, EDITABLE, SELF_NAME, ADD_TIME, PT_ORDER)
values ('1AB59A69C3B7457DB54B1D3213757D73', '94F3EF11D6C742219BB246E7C5F9A605', '06', '1', null, to_date('02-09-2014 19:10:35', 'dd-mm-yyyy hh24:mi:ss'), 6);
insert into WORKBENCH_PLATFORM_PORTLET (ID, PLATFORM_ID, PORTLET_ID, EDITABLE, SELF_NAME, ADD_TIME, PT_ORDER)
values ('CEBA6D88E83E44BB8E38AB542954179E', '94F3EF11D6C742219BB246E7C5F9A605', '05', '1', null, to_date('02-09-2014 19:10:35', 'dd-mm-yyyy hh24:mi:ss'), 5);
insert into WORKBENCH_PLATFORM_PORTLET (ID, PLATFORM_ID, PORTLET_ID, EDITABLE, SELF_NAME, ADD_TIME, PT_ORDER)
values ('35341A9F4DC64146980656419ABB2C5D', '649CE4E3278E4416BE8BA620AF005750', '09', '1', null, to_date('03-09-2014 10:17:24', 'dd-mm-yyyy hh24:mi:ss'), 4);
insert into WORKBENCH_PLATFORM_PORTLET (ID, PLATFORM_ID, PORTLET_ID, EDITABLE, SELF_NAME, ADD_TIME, PT_ORDER)
values ('CA2801EE81DD4B2DB4C3EE714EB91156', '649CE4E3278E4416BE8BA620AF005750', '08', '1', null, to_date('03-09-2014 10:17:24', 'dd-mm-yyyy hh24:mi:ss'), 3);
insert into WORKBENCH_PLATFORM_PORTLET (ID, PLATFORM_ID, PORTLET_ID, EDITABLE, SELF_NAME, ADD_TIME, PT_ORDER)
values ('74DB747878874661B733DD5E6C2B7C32', '649CE4E3278E4416BE8BA620AF005750', '07', '1', null, to_date('03-09-2014 10:17:24', 'dd-mm-yyyy hh24:mi:ss'), 2);
insert into WORKBENCH_PLATFORM_PORTLET (ID, PLATFORM_ID, PORTLET_ID, EDITABLE, SELF_NAME, ADD_TIME, PT_ORDER)
values ('D395FC944FDD43F08A1EE7ECDBDE4879', '649CE4E3278E4416BE8BA620AF005750', '06', '1', null, to_date('03-09-2014 10:17:24', 'dd-mm-yyyy hh24:mi:ss'), 1);
insert into WORKBENCH_PLATFORM_PORTLET (ID, PLATFORM_ID, PORTLET_ID, EDITABLE, SELF_NAME, ADD_TIME, PT_ORDER)
values ('90F069B34F1346119C27275F9791DA2E', '649CE4E3278E4416BE8BA620AF005750', '05', '1', null, to_date('03-09-2014 10:17:24', 'dd-mm-yyyy hh24:mi:ss'), 5);
insert into WORKBENCH_PLATFORM_PORTLET (ID, PLATFORM_ID, PORTLET_ID, EDITABLE, SELF_NAME, ADD_TIME, PT_ORDER)
values ('4605246F82F0498E938E51F7EC706EA2', '649CE4E3278E4416BE8BA620AF005750', '04', '1', null, to_date('03-09-2014 10:17:24', 'dd-mm-yyyy hh24:mi:ss'), 4);
insert into WORKBENCH_PLATFORM_PORTLET (ID, PLATFORM_ID, PORTLET_ID, EDITABLE, SELF_NAME, ADD_TIME, PT_ORDER)
values ('FE982D1F95C9451E83DAA8DA65BFF3A4', '649CE4E3278E4416BE8BA620AF005750', '01', '1', null, to_date('03-09-2014 10:17:24', 'dd-mm-yyyy hh24:mi:ss'), 1);
commit;
prompt 300 records committed...
insert into WORKBENCH_PLATFORM_PORTLET (ID, PLATFORM_ID, PORTLET_ID, EDITABLE, SELF_NAME, ADD_TIME, PT_ORDER)
values ('B622445AE0554E649F943281490D792B', '649CE4E3278E4416BE8BA620AF005750', '02', '1', null, to_date('03-09-2014 10:17:24', 'dd-mm-yyyy hh24:mi:ss'), 2);
insert into WORKBENCH_PLATFORM_PORTLET (ID, PLATFORM_ID, PORTLET_ID, EDITABLE, SELF_NAME, ADD_TIME, PT_ORDER)
values ('A3AF0E4E23C84D9AB15479CC36C92516', '649CE4E3278E4416BE8BA620AF005750', '03', '1', null, to_date('03-09-2014 10:17:24', 'dd-mm-yyyy hh24:mi:ss'), 3);
insert into WORKBENCH_PLATFORM_PORTLET (ID, PLATFORM_ID, PORTLET_ID, EDITABLE, SELF_NAME, ADD_TIME, PT_ORDER)
values ('94E6285C902F42C49DB321BC650DB84E', '8BF66117DCE5483B88D761E1B803A4EE', '01', '1', null, to_date('03-09-2014 10:17:51', 'dd-mm-yyyy hh24:mi:ss'), 1);
insert into WORKBENCH_PLATFORM_PORTLET (ID, PLATFORM_ID, PORTLET_ID, EDITABLE, SELF_NAME, ADD_TIME, PT_ORDER)
values ('075762D50BC9411BAD7E22B3E6878509', '8BF66117DCE5483B88D761E1B803A4EE', '02', '1', null, to_date('03-09-2014 10:17:51', 'dd-mm-yyyy hh24:mi:ss'), 2);
insert into WORKBENCH_PLATFORM_PORTLET (ID, PLATFORM_ID, PORTLET_ID, EDITABLE, SELF_NAME, ADD_TIME, PT_ORDER)
values ('5BC646ACC224469EAD09E895F69E9B2F', '8BF66117DCE5483B88D761E1B803A4EE', '03', '1', null, to_date('03-09-2014 10:17:51', 'dd-mm-yyyy hh24:mi:ss'), 3);
insert into WORKBENCH_PLATFORM_PORTLET (ID, PLATFORM_ID, PORTLET_ID, EDITABLE, SELF_NAME, ADD_TIME, PT_ORDER)
values ('B223581991AC41DEADCF2CC02861FFF7', '8BF66117DCE5483B88D761E1B803A4EE', '04', '1', null, to_date('03-09-2014 10:17:51', 'dd-mm-yyyy hh24:mi:ss'), 4);
insert into WORKBENCH_PLATFORM_PORTLET (ID, PLATFORM_ID, PORTLET_ID, EDITABLE, SELF_NAME, ADD_TIME, PT_ORDER)
values ('9ADC382591AD4A57BCDA7197A6BA0602', '8BF66117DCE5483B88D761E1B803A4EE', '10', '1', null, to_date('03-09-2014 10:17:51', 'dd-mm-yyyy hh24:mi:ss'), 9);
insert into WORKBENCH_PLATFORM_PORTLET (ID, PLATFORM_ID, PORTLET_ID, EDITABLE, SELF_NAME, ADD_TIME, PT_ORDER)
values ('E1DC1FCBAC364ADBAA43885863EE0802', '8BF66117DCE5483B88D761E1B803A4EE', '09', '1', null, to_date('03-09-2014 10:17:51', 'dd-mm-yyyy hh24:mi:ss'), 9);
insert into WORKBENCH_PLATFORM_PORTLET (ID, PLATFORM_ID, PORTLET_ID, EDITABLE, SELF_NAME, ADD_TIME, PT_ORDER)
values ('EB2662CB672845A0B997A46E977231FE', '8BF66117DCE5483B88D761E1B803A4EE', '08', '1', null, to_date('03-09-2014 10:17:51', 'dd-mm-yyyy hh24:mi:ss'), 8);
insert into WORKBENCH_PLATFORM_PORTLET (ID, PLATFORM_ID, PORTLET_ID, EDITABLE, SELF_NAME, ADD_TIME, PT_ORDER)
values ('CC20B8DDF8A64C7C9C8E1F1EC22841B1', '8BF66117DCE5483B88D761E1B803A4EE', '07', '1', null, to_date('03-09-2014 10:17:51', 'dd-mm-yyyy hh24:mi:ss'), 7);
insert into WORKBENCH_PLATFORM_PORTLET (ID, PLATFORM_ID, PORTLET_ID, EDITABLE, SELF_NAME, ADD_TIME, PT_ORDER)
values ('8E17581418FD4D18988B85848E54ADD4', '8BF66117DCE5483B88D761E1B803A4EE', '06', '1', null, to_date('03-09-2014 10:17:51', 'dd-mm-yyyy hh24:mi:ss'), 6);
insert into WORKBENCH_PLATFORM_PORTLET (ID, PLATFORM_ID, PORTLET_ID, EDITABLE, SELF_NAME, ADD_TIME, PT_ORDER)
values ('A8690708F02343B4B047F2DB838237C7', '8BF66117DCE5483B88D761E1B803A4EE', '05', '1', null, to_date('03-09-2014 10:17:51', 'dd-mm-yyyy hh24:mi:ss'), 5);
insert into WORKBENCH_PLATFORM_PORTLET (ID, PLATFORM_ID, PORTLET_ID, EDITABLE, SELF_NAME, ADD_TIME, PT_ORDER)
values ('B73421D8E1FC4C83B13D2AECFBE75D9F', '1C8225D636E646588C9D2C22A2E5BCD3', '03', '0', null, to_date('20-08-2014 15:48:40', 'dd-mm-yyyy hh24:mi:ss'), 3);
insert into WORKBENCH_PLATFORM_PORTLET (ID, PLATFORM_ID, PORTLET_ID, EDITABLE, SELF_NAME, ADD_TIME, PT_ORDER)
values ('D4A34EBF179543E2955678D506015E61', '1C8225D636E646588C9D2C22A2E5BCD3', '04', '0', null, to_date('20-08-2014 15:48:40', 'dd-mm-yyyy hh24:mi:ss'), 4);
insert into WORKBENCH_PLATFORM_PORTLET (ID, PLATFORM_ID, PORTLET_ID, EDITABLE, SELF_NAME, ADD_TIME, PT_ORDER)
values ('D7679B699F3845B79524D2B0A37E9B3F', '1C8225D636E646588C9D2C22A2E5BCD3', '10', '0', null, to_date('20-08-2014 15:48:40', 'dd-mm-yyyy hh24:mi:ss'), 9);
insert into WORKBENCH_PLATFORM_PORTLET (ID, PLATFORM_ID, PORTLET_ID, EDITABLE, SELF_NAME, ADD_TIME, PT_ORDER)
values ('1586901398B947748A94C2BEFF0B8C41', '1C8225D636E646588C9D2C22A2E5BCD3', '09', '0', null, to_date('20-08-2014 15:48:40', 'dd-mm-yyyy hh24:mi:ss'), 9);
insert into WORKBENCH_PLATFORM_PORTLET (ID, PLATFORM_ID, PORTLET_ID, EDITABLE, SELF_NAME, ADD_TIME, PT_ORDER)
values ('2DBC0D9B3D1E4A8A96C426AE704FC402', '1C8225D636E646588C9D2C22A2E5BCD3', '08', '0', null, to_date('20-08-2014 15:48:40', 'dd-mm-yyyy hh24:mi:ss'), 8);
insert into WORKBENCH_PLATFORM_PORTLET (ID, PLATFORM_ID, PORTLET_ID, EDITABLE, SELF_NAME, ADD_TIME, PT_ORDER)
values ('63FA788AC8BE45ABAC5BD30B89DA6B04', '1C8225D636E646588C9D2C22A2E5BCD3', '07', '0', null, to_date('20-08-2014 15:48:40', 'dd-mm-yyyy hh24:mi:ss'), 7);
insert into WORKBENCH_PLATFORM_PORTLET (ID, PLATFORM_ID, PORTLET_ID, EDITABLE, SELF_NAME, ADD_TIME, PT_ORDER)
values ('BA4D58AAD8E74F28BB40A171D38C0D49', '1C8225D636E646588C9D2C22A2E5BCD3', '06', '0', null, to_date('20-08-2014 15:48:40', 'dd-mm-yyyy hh24:mi:ss'), 6);
insert into WORKBENCH_PLATFORM_PORTLET (ID, PLATFORM_ID, PORTLET_ID, EDITABLE, SELF_NAME, ADD_TIME, PT_ORDER)
values ('03FCBF8E8F2E4376938462D04571E332', '1C8225D636E646588C9D2C22A2E5BCD3', '01', '0', null, to_date('20-08-2014 15:48:40', 'dd-mm-yyyy hh24:mi:ss'), 1);
insert into WORKBENCH_PLATFORM_PORTLET (ID, PLATFORM_ID, PORTLET_ID, EDITABLE, SELF_NAME, ADD_TIME, PT_ORDER)
values ('CA4045B3F8F544B39FD0EE670A3C1C36', '1C8225D636E646588C9D2C22A2E5BCD3', '02', '0', null, to_date('20-08-2014 15:48:40', 'dd-mm-yyyy hh24:mi:ss'), 2);
insert into WORKBENCH_PLATFORM_PORTLET (ID, PLATFORM_ID, PORTLET_ID, EDITABLE, SELF_NAME, ADD_TIME, PT_ORDER)
values ('AD6ABFEB55E947FEB69995F3D2FA9B14', '1C8225D636E646588C9D2C22A2E5BCD3', '05', '0', null, to_date('20-08-2014 15:48:40', 'dd-mm-yyyy hh24:mi:ss'), 5);
insert into WORKBENCH_PLATFORM_PORTLET (ID, PLATFORM_ID, PORTLET_ID, EDITABLE, SELF_NAME, ADD_TIME, PT_ORDER)
values ('5875218C18A54C98AFEBABEA6C9A674F', 'A36E908E127045F1966B5954DAC87367', '05', '0', null, to_date('23-08-2014 13:47:53', 'dd-mm-yyyy hh24:mi:ss'), 5);
insert into WORKBENCH_PLATFORM_PORTLET (ID, PLATFORM_ID, PORTLET_ID, EDITABLE, SELF_NAME, ADD_TIME, PT_ORDER)
values ('66284814FC8B494D97D912EA3FDF00DA', 'A36E908E127045F1966B5954DAC87367', '06', '0', null, to_date('23-08-2014 13:47:53', 'dd-mm-yyyy hh24:mi:ss'), 1);
insert into WORKBENCH_PLATFORM_PORTLET (ID, PLATFORM_ID, PORTLET_ID, EDITABLE, SELF_NAME, ADD_TIME, PT_ORDER)
values ('997F086935364D8DA7292E45552A2C1E', 'A36E908E127045F1966B5954DAC87367', '07', '0', null, to_date('23-08-2014 13:47:53', 'dd-mm-yyyy hh24:mi:ss'), 2);
insert into WORKBENCH_PLATFORM_PORTLET (ID, PLATFORM_ID, PORTLET_ID, EDITABLE, SELF_NAME, ADD_TIME, PT_ORDER)
values ('B3C792F8432147638DC4412321AE1DC3', 'A36E908E127045F1966B5954DAC87367', '08', '0', null, to_date('23-08-2014 13:47:53', 'dd-mm-yyyy hh24:mi:ss'), 3);
insert into WORKBENCH_PLATFORM_PORTLET (ID, PLATFORM_ID, PORTLET_ID, EDITABLE, SELF_NAME, ADD_TIME, PT_ORDER)
values ('221ACE1DDAD84B6DB82B34F857F0CB93', 'A36E908E127045F1966B5954DAC87367', '09', '0', null, to_date('23-08-2014 13:47:53', 'dd-mm-yyyy hh24:mi:ss'), 4);
insert into WORKBENCH_PLATFORM_PORTLET (ID, PLATFORM_ID, PORTLET_ID, EDITABLE, SELF_NAME, ADD_TIME, PT_ORDER)
values ('96FAC99B624D45CB96FE4E93B3851284', 'A36E908E127045F1966B5954DAC87367', '01', '0', null, to_date('23-08-2014 13:47:53', 'dd-mm-yyyy hh24:mi:ss'), 1);
insert into WORKBENCH_PLATFORM_PORTLET (ID, PLATFORM_ID, PORTLET_ID, EDITABLE, SELF_NAME, ADD_TIME, PT_ORDER)
values ('160C20EB8F354A9EB2E8AACAFE9067BC', 'A36E908E127045F1966B5954DAC87367', '02', '0', null, to_date('23-08-2014 13:47:53', 'dd-mm-yyyy hh24:mi:ss'), 2);
insert into WORKBENCH_PLATFORM_PORTLET (ID, PLATFORM_ID, PORTLET_ID, EDITABLE, SELF_NAME, ADD_TIME, PT_ORDER)
values ('4285B3955CFE41B291366D787C43AC9A', 'A36E908E127045F1966B5954DAC87367', '03', '0', null, to_date('23-08-2014 13:47:53', 'dd-mm-yyyy hh24:mi:ss'), 3);
insert into WORKBENCH_PLATFORM_PORTLET (ID, PLATFORM_ID, PORTLET_ID, EDITABLE, SELF_NAME, ADD_TIME, PT_ORDER)
values ('DC53BC4BC5504435937D0CE7D5122A4D', 'A36E908E127045F1966B5954DAC87367', '04', '0', null, to_date('23-08-2014 13:47:53', 'dd-mm-yyyy hh24:mi:ss'), 4);
insert into WORKBENCH_PLATFORM_PORTLET (ID, PLATFORM_ID, PORTLET_ID, EDITABLE, SELF_NAME, ADD_TIME, PT_ORDER)
values ('B6F896A09E8B47EC82BFDC84E0AEAC05', '4FB9135965004CC4B2D75B9C0C91AF76', '01', '0', null, to_date('25-08-2014 17:17:45', 'dd-mm-yyyy hh24:mi:ss'), 1);
insert into WORKBENCH_PLATFORM_PORTLET (ID, PLATFORM_ID, PORTLET_ID, EDITABLE, SELF_NAME, ADD_TIME, PT_ORDER)
values ('CCA52941F1CF4ED9A7C95201A94B3254', '4FB9135965004CC4B2D75B9C0C91AF76', '02', '0', null, to_date('25-08-2014 17:17:45', 'dd-mm-yyyy hh24:mi:ss'), 2);
insert into WORKBENCH_PLATFORM_PORTLET (ID, PLATFORM_ID, PORTLET_ID, EDITABLE, SELF_NAME, ADD_TIME, PT_ORDER)
values ('DBE7468203DF4C00ADCF66666FB932C5', '4FB9135965004CC4B2D75B9C0C91AF76', '03', '0', null, to_date('25-08-2014 17:17:45', 'dd-mm-yyyy hh24:mi:ss'), 3);
insert into WORKBENCH_PLATFORM_PORTLET (ID, PLATFORM_ID, PORTLET_ID, EDITABLE, SELF_NAME, ADD_TIME, PT_ORDER)
values ('BC8D73A6CA4244ABA25EECA2F99E7ACC', '4FB9135965004CC4B2D75B9C0C91AF76', '04', '0', null, to_date('25-08-2014 17:17:45', 'dd-mm-yyyy hh24:mi:ss'), 4);
insert into WORKBENCH_PLATFORM_PORTLET (ID, PLATFORM_ID, PORTLET_ID, EDITABLE, SELF_NAME, ADD_TIME, PT_ORDER)
values ('BD76D36DF5DA449B8E8655FE86773A13', '4FB9135965004CC4B2D75B9C0C91AF76', '10', '0', null, to_date('25-08-2014 17:17:45', 'dd-mm-yyyy hh24:mi:ss'), 9);
insert into WORKBENCH_PLATFORM_PORTLET (ID, PLATFORM_ID, PORTLET_ID, EDITABLE, SELF_NAME, ADD_TIME, PT_ORDER)
values ('805AB3146131437A88F4C76494C5660C', '4FB9135965004CC4B2D75B9C0C91AF76', '09', '0', null, to_date('25-08-2014 17:17:45', 'dd-mm-yyyy hh24:mi:ss'), 9);
insert into WORKBENCH_PLATFORM_PORTLET (ID, PLATFORM_ID, PORTLET_ID, EDITABLE, SELF_NAME, ADD_TIME, PT_ORDER)
values ('0963C274E10846CDB39F28A7BA03F71A', '4FB9135965004CC4B2D75B9C0C91AF76', '08', '0', null, to_date('25-08-2014 17:17:45', 'dd-mm-yyyy hh24:mi:ss'), 8);
insert into WORKBENCH_PLATFORM_PORTLET (ID, PLATFORM_ID, PORTLET_ID, EDITABLE, SELF_NAME, ADD_TIME, PT_ORDER)
values ('DD1F1B98F67645D0806BE71010F9CDB1', '4FB9135965004CC4B2D75B9C0C91AF76', '07', '0', null, to_date('25-08-2014 17:17:45', 'dd-mm-yyyy hh24:mi:ss'), 7);
insert into WORKBENCH_PLATFORM_PORTLET (ID, PLATFORM_ID, PORTLET_ID, EDITABLE, SELF_NAME, ADD_TIME, PT_ORDER)
values ('EF28D01882284811AC66BCAFED661CC3', '4FB9135965004CC4B2D75B9C0C91AF76', '06', '0', null, to_date('25-08-2014 17:17:45', 'dd-mm-yyyy hh24:mi:ss'), 6);
insert into WORKBENCH_PLATFORM_PORTLET (ID, PLATFORM_ID, PORTLET_ID, EDITABLE, SELF_NAME, ADD_TIME, PT_ORDER)
values ('F65EE5801B0F4453883AB1BF401952EE', '4FB9135965004CC4B2D75B9C0C91AF76', '05', '0', null, to_date('25-08-2014 17:17:45', 'dd-mm-yyyy hh24:mi:ss'), 5);
insert into WORKBENCH_PLATFORM_PORTLET (ID, PLATFORM_ID, PORTLET_ID, EDITABLE, SELF_NAME, ADD_TIME, PT_ORDER)
values ('115970EF9C5443769CFF1BB17E1D6E1F', '0EDF385CB7CA4665AFBD64CAA80EFE82', '03', '1', null, to_date('03-09-2014 10:27:09', 'dd-mm-yyyy hh24:mi:ss'), 3);
insert into WORKBENCH_PLATFORM_PORTLET (ID, PLATFORM_ID, PORTLET_ID, EDITABLE, SELF_NAME, ADD_TIME, PT_ORDER)
values ('353F94B681E64099B57BD4CFF9A962A6', '0EDF385CB7CA4665AFBD64CAA80EFE82', '01', '1', null, to_date('03-09-2014 10:27:09', 'dd-mm-yyyy hh24:mi:ss'), 1);
insert into WORKBENCH_PLATFORM_PORTLET (ID, PLATFORM_ID, PORTLET_ID, EDITABLE, SELF_NAME, ADD_TIME, PT_ORDER)
values ('A2D2B03D5E9F4EE4B0E91AC5564686BC', '0EDF385CB7CA4665AFBD64CAA80EFE82', '02', '1', null, to_date('03-09-2014 10:27:09', 'dd-mm-yyyy hh24:mi:ss'), 2);
insert into WORKBENCH_PLATFORM_PORTLET (ID, PLATFORM_ID, PORTLET_ID, EDITABLE, SELF_NAME, ADD_TIME, PT_ORDER)
values ('49EEDB23C42547EA85C6A44429E3CD19', '0EDF385CB7CA4665AFBD64CAA80EFE82', '04', '1', null, to_date('03-09-2014 10:27:09', 'dd-mm-yyyy hh24:mi:ss'), 4);
insert into WORKBENCH_PLATFORM_PORTLET (ID, PLATFORM_ID, PORTLET_ID, EDITABLE, SELF_NAME, ADD_TIME, PT_ORDER)
values ('B5E1B932EADC4C1683360150CCFB39C8', '0EDF385CB7CA4665AFBD64CAA80EFE82', '10', '1', null, to_date('03-09-2014 10:27:09', 'dd-mm-yyyy hh24:mi:ss'), 9);
insert into WORKBENCH_PLATFORM_PORTLET (ID, PLATFORM_ID, PORTLET_ID, EDITABLE, SELF_NAME, ADD_TIME, PT_ORDER)
values ('F59A99A2CEFE47C384F49D284BABF067', '0EDF385CB7CA4665AFBD64CAA80EFE82', '09', '1', null, to_date('03-09-2014 10:27:09', 'dd-mm-yyyy hh24:mi:ss'), 9);
insert into WORKBENCH_PLATFORM_PORTLET (ID, PLATFORM_ID, PORTLET_ID, EDITABLE, SELF_NAME, ADD_TIME, PT_ORDER)
values ('2491FF6B20A34565983575AA63B5E9E6', '0EDF385CB7CA4665AFBD64CAA80EFE82', '08', '1', null, to_date('03-09-2014 10:27:09', 'dd-mm-yyyy hh24:mi:ss'), 8);
insert into WORKBENCH_PLATFORM_PORTLET (ID, PLATFORM_ID, PORTLET_ID, EDITABLE, SELF_NAME, ADD_TIME, PT_ORDER)
values ('737015FC9F7F486BB279060937A9F24D', '0EDF385CB7CA4665AFBD64CAA80EFE82', '07', '1', null, to_date('03-09-2014 10:27:09', 'dd-mm-yyyy hh24:mi:ss'), 7);
insert into WORKBENCH_PLATFORM_PORTLET (ID, PLATFORM_ID, PORTLET_ID, EDITABLE, SELF_NAME, ADD_TIME, PT_ORDER)
values ('E8FC57367B8C441DBAD60816FA4EBEEE', '0EDF385CB7CA4665AFBD64CAA80EFE82', '06', '1', null, to_date('03-09-2014 10:27:09', 'dd-mm-yyyy hh24:mi:ss'), 6);
insert into WORKBENCH_PLATFORM_PORTLET (ID, PLATFORM_ID, PORTLET_ID, EDITABLE, SELF_NAME, ADD_TIME, PT_ORDER)
values ('7F5F2502BC7D46F0B955ACD1D6EE6D08', '0EDF385CB7CA4665AFBD64CAA80EFE82', '05', '1', null, to_date('03-09-2014 10:27:09', 'dd-mm-yyyy hh24:mi:ss'), 5);
insert into WORKBENCH_PLATFORM_PORTLET (ID, PLATFORM_ID, PORTLET_ID, EDITABLE, SELF_NAME, ADD_TIME, PT_ORDER)
values ('F86DFCB11A634218B76F29180C682406', '677132D8B84D4580BCC56B6BA84EC4C1', '01', '1', '个人信息', to_date('03-09-2014 11:28:00', 'dd-mm-yyyy hh24:mi:ss'), 0);
insert into WORKBENCH_PLATFORM_PORTLET (ID, PLATFORM_ID, PORTLET_ID, EDITABLE, SELF_NAME, ADD_TIME, PT_ORDER)
values ('D1498FA52E9C436BB1529321C7AB772A', '677132D8B84D4580BCC56B6BA84EC4C1', '02', '1', '已办', to_date('03-09-2014 11:28:00', 'dd-mm-yyyy hh24:mi:ss'), 1);
insert into WORKBENCH_PLATFORM_PORTLET (ID, PLATFORM_ID, PORTLET_ID, EDITABLE, SELF_NAME, ADD_TIME, PT_ORDER)
values ('3E6AD590E5A84FDAA28872E4581D9975', '4379D94265E04D749DF4EE43E1A05E0E', '02', '1', null, to_date('03-09-2014 16:44:58', 'dd-mm-yyyy hh24:mi:ss'), 2);
insert into WORKBENCH_PLATFORM_PORTLET (ID, PLATFORM_ID, PORTLET_ID, EDITABLE, SELF_NAME, ADD_TIME, PT_ORDER)
values ('4EC8A1A3B4784752A0BC3F2B618187D6', '4379D94265E04D749DF4EE43E1A05E0E', '03', '1', null, to_date('03-09-2014 16:44:58', 'dd-mm-yyyy hh24:mi:ss'), 3);
insert into WORKBENCH_PLATFORM_PORTLET (ID, PLATFORM_ID, PORTLET_ID, EDITABLE, SELF_NAME, ADD_TIME, PT_ORDER)
values ('F063B5D5CA844C29BBEFCD5B685E78AB', '677132D8B84D4580BCC56B6BA84EC4C1', '03', '1', '消息提醒', to_date('03-09-2014 11:28:00', 'dd-mm-yyyy hh24:mi:ss'), 2);
insert into WORKBENCH_PLATFORM_PORTLET (ID, PLATFORM_ID, PORTLET_ID, EDITABLE, SELF_NAME, ADD_TIME, PT_ORDER)
values ('EB5B5605DFE2495C97B51B3F6420B9A0', '677132D8B84D4580BCC56B6BA84EC4C1', '04', '1', '系统公告', to_date('03-09-2014 11:28:00', 'dd-mm-yyyy hh24:mi:ss'), 3);
insert into WORKBENCH_PLATFORM_PORTLET (ID, PLATFORM_ID, PORTLET_ID, EDITABLE, SELF_NAME, ADD_TIME, PT_ORDER)
values ('99A2312BA1DA4A4FBFB36B6821F59E82', '677132D8B84D4580BCC56B6BA84EC4C1', '05', '1', '工作日历', to_date('03-09-2014 11:28:00', 'dd-mm-yyyy hh24:mi:ss'), 4);
insert into WORKBENCH_PLATFORM_PORTLET (ID, PLATFORM_ID, PORTLET_ID, EDITABLE, SELF_NAME, ADD_TIME, PT_ORDER)
values ('5092891C724F444DBBAFD6BFD355C460', '4379D94265E04D749DF4EE43E1A05E0E', '04', '1', null, to_date('03-09-2014 16:44:58', 'dd-mm-yyyy hh24:mi:ss'), 4);
insert into WORKBENCH_PLATFORM_PORTLET (ID, PLATFORM_ID, PORTLET_ID, EDITABLE, SELF_NAME, ADD_TIME, PT_ORDER)
values ('CC390D300A57475A951FA0995B4E36C0', '4379D94265E04D749DF4EE43E1A05E0E', '10', '1', null, to_date('03-09-2014 16:44:58', 'dd-mm-yyyy hh24:mi:ss'), 9);
insert into WORKBENCH_PLATFORM_PORTLET (ID, PLATFORM_ID, PORTLET_ID, EDITABLE, SELF_NAME, ADD_TIME, PT_ORDER)
values ('D704E15988BD41A4904762038C2D885F', '677132D8B84D4580BCC56B6BA84EC4C1', '06', '1', '待办', to_date('03-09-2014 11:28:00', 'dd-mm-yyyy hh24:mi:ss'), 0);
insert into WORKBENCH_PLATFORM_PORTLET (ID, PLATFORM_ID, PORTLET_ID, EDITABLE, SELF_NAME, ADD_TIME, PT_ORDER)
values ('436F363A947746B68BF53571E8163C12', '677132D8B84D4580BCC56B6BA84EC4C1', '07', '1', '常用应用', to_date('03-09-2014 11:28:00', 'dd-mm-yyyy hh24:mi:ss'), 1);
insert into WORKBENCH_PLATFORM_PORTLET (ID, PLATFORM_ID, PORTLET_ID, EDITABLE, SELF_NAME, ADD_TIME, PT_ORDER)
values ('BFCA93A9B3904077A984E0724D1ED60D', '4379D94265E04D749DF4EE43E1A05E0E', '01', '1', null, to_date('03-09-2014 16:44:58', 'dd-mm-yyyy hh24:mi:ss'), 1);
insert into WORKBENCH_PLATFORM_PORTLET (ID, PLATFORM_ID, PORTLET_ID, EDITABLE, SELF_NAME, ADD_TIME, PT_ORDER)
values ('FDB9D7DCCB2B40C3A99BE33B96BF2A7B', '4379D94265E04D749DF4EE43E1A05E0E', '09', '1', null, to_date('03-09-2014 16:44:58', 'dd-mm-yyyy hh24:mi:ss'), 9);
insert into WORKBENCH_PLATFORM_PORTLET (ID, PLATFORM_ID, PORTLET_ID, EDITABLE, SELF_NAME, ADD_TIME, PT_ORDER)
values ('15DD6199C9A94F6CA210E8F8F6E1C097', '677132D8B84D4580BCC56B6BA84EC4C1', '08', '1', '项目需求申报及时率准确率统计', to_date('03-09-2014 11:28:00', 'dd-mm-yyyy hh24:mi:ss'), 2);
insert into WORKBENCH_PLATFORM_PORTLET (ID, PLATFORM_ID, PORTLET_ID, EDITABLE, SELF_NAME, ADD_TIME, PT_ORDER)
values ('7CB2B37136A14594BC03CD2B34FC1726', '4379D94265E04D749DF4EE43E1A05E0E', '08', '1', null, to_date('03-09-2014 16:44:58', 'dd-mm-yyyy hh24:mi:ss'), 8);
insert into WORKBENCH_PLATFORM_PORTLET (ID, PLATFORM_ID, PORTLET_ID, EDITABLE, SELF_NAME, ADD_TIME, PT_ORDER)
values ('868356C9AC954405B97723DBBF1A4223', '4379D94265E04D749DF4EE43E1A05E0E', '07', '1', null, to_date('03-09-2014 16:44:58', 'dd-mm-yyyy hh24:mi:ss'), 7);
insert into WORKBENCH_PLATFORM_PORTLET (ID, PLATFORM_ID, PORTLET_ID, EDITABLE, SELF_NAME, ADD_TIME, PT_ORDER)
values ('3DA331973ED04FD89365FBEE9E98E34D', '4379D94265E04D749DF4EE43E1A05E0E', '06', '1', null, to_date('03-09-2014 16:44:58', 'dd-mm-yyyy hh24:mi:ss'), 6);
insert into WORKBENCH_PLATFORM_PORTLET (ID, PLATFORM_ID, PORTLET_ID, EDITABLE, SELF_NAME, ADD_TIME, PT_ORDER)
values ('069F46C33E2047198760634E4CC3BBE3', '4379D94265E04D749DF4EE43E1A05E0E', '05', '1', null, to_date('03-09-2014 16:44:58', 'dd-mm-yyyy hh24:mi:ss'), 5);
insert into WORKBENCH_PLATFORM_PORTLET (ID, PLATFORM_ID, PORTLET_ID, EDITABLE, SELF_NAME, ADD_TIME, PT_ORDER)
values ('DE67F9EC11C14090A5EF09027D0EA0BB', '677132D8B84D4580BCC56B6BA84EC4C1', '09', '1', '我负责的项目', to_date('03-09-2014 11:28:00', 'dd-mm-yyyy hh24:mi:ss'), 3);
insert into WORKBENCH_PLATFORM_PORTLET (ID, PLATFORM_ID, PORTLET_ID, EDITABLE, SELF_NAME, ADD_TIME, PT_ORDER)
values ('E6F94BFCD08A4F42B13A2A43FF2BD25F', '9E336175E5FD4B50AC6A77F73AB44924', '02', '1', null, to_date('04-09-2014 15:07:37', 'dd-mm-yyyy hh24:mi:ss'), 2);
insert into WORKBENCH_PLATFORM_PORTLET (ID, PLATFORM_ID, PORTLET_ID, EDITABLE, SELF_NAME, ADD_TIME, PT_ORDER)
values ('04E059C4E1764A61AABF41AECBF7EAF4', '9E336175E5FD4B50AC6A77F73AB44924', '03', '1', null, to_date('04-09-2014 15:07:37', 'dd-mm-yyyy hh24:mi:ss'), 3);
insert into WORKBENCH_PLATFORM_PORTLET (ID, PLATFORM_ID, PORTLET_ID, EDITABLE, SELF_NAME, ADD_TIME, PT_ORDER)
values ('644E936385CC446A8249EEF3E5859FF5', '9E336175E5FD4B50AC6A77F73AB44924', '04', '1', null, to_date('04-09-2014 15:07:37', 'dd-mm-yyyy hh24:mi:ss'), 4);
insert into WORKBENCH_PLATFORM_PORTLET (ID, PLATFORM_ID, PORTLET_ID, EDITABLE, SELF_NAME, ADD_TIME, PT_ORDER)
values ('2C48B7BBE6B249E98A4C6578B5615671', '9E336175E5FD4B50AC6A77F73AB44924', '10', '1', null, to_date('04-09-2014 15:07:37', 'dd-mm-yyyy hh24:mi:ss'), 9);
insert into WORKBENCH_PLATFORM_PORTLET (ID, PLATFORM_ID, PORTLET_ID, EDITABLE, SELF_NAME, ADD_TIME, PT_ORDER)
values ('FF76A2AC74D44B63BEFDE589C0EB6D41', '9E336175E5FD4B50AC6A77F73AB44924', '09', '1', null, to_date('04-09-2014 15:07:37', 'dd-mm-yyyy hh24:mi:ss'), 9);
insert into WORKBENCH_PLATFORM_PORTLET (ID, PLATFORM_ID, PORTLET_ID, EDITABLE, SELF_NAME, ADD_TIME, PT_ORDER)
values ('1E49C8BD96AC4E3C93FB2E98B329AE4B', '9E336175E5FD4B50AC6A77F73AB44924', '01', '1', null, to_date('04-09-2014 15:07:37', 'dd-mm-yyyy hh24:mi:ss'), 1);
insert into WORKBENCH_PLATFORM_PORTLET (ID, PLATFORM_ID, PORTLET_ID, EDITABLE, SELF_NAME, ADD_TIME, PT_ORDER)
values ('AE216AC5AF2141CD9A21C59A4804C60B', '9E336175E5FD4B50AC6A77F73AB44924', '08', '1', null, to_date('04-09-2014 15:07:37', 'dd-mm-yyyy hh24:mi:ss'), 8);
insert into WORKBENCH_PLATFORM_PORTLET (ID, PLATFORM_ID, PORTLET_ID, EDITABLE, SELF_NAME, ADD_TIME, PT_ORDER)
values ('467DE0DFE370449892D8B86B9B7BC47C', '9E336175E5FD4B50AC6A77F73AB44924', '07', '1', null, to_date('04-09-2014 15:07:37', 'dd-mm-yyyy hh24:mi:ss'), 7);
insert into WORKBENCH_PLATFORM_PORTLET (ID, PLATFORM_ID, PORTLET_ID, EDITABLE, SELF_NAME, ADD_TIME, PT_ORDER)
values ('BC0BC0B139D54D63896ACAD73D8AF246', '9E336175E5FD4B50AC6A77F73AB44924', '06', '1', null, to_date('04-09-2014 15:07:37', 'dd-mm-yyyy hh24:mi:ss'), 6);
insert into WORKBENCH_PLATFORM_PORTLET (ID, PLATFORM_ID, PORTLET_ID, EDITABLE, SELF_NAME, ADD_TIME, PT_ORDER)
values ('0DB4D05068754F0F94487EFC4F78A9D5', '9E336175E5FD4B50AC6A77F73AB44924', '05', '1', null, to_date('04-09-2014 15:07:37', 'dd-mm-yyyy hh24:mi:ss'), 5);
insert into WORKBENCH_PLATFORM_PORTLET (ID, PLATFORM_ID, PORTLET_ID, EDITABLE, SELF_NAME, ADD_TIME, PT_ORDER)
values ('00B6CBB3681D4439B1A3BC409B070FB6', '030CAF1AA62D412EB2D613E763D7DF48', '08', '1', '项目需求申报及时率准确率统计', to_date('05-09-2014 18:12:05', 'dd-mm-yyyy hh24:mi:ss'), 0);
insert into WORKBENCH_PLATFORM_PORTLET (ID, PLATFORM_ID, PORTLET_ID, EDITABLE, SELF_NAME, ADD_TIME, PT_ORDER)
values ('F551955E8E044D829D21D406101A776C', '030CAF1AA62D412EB2D613E763D7DF48', '09', '1', '我负责的项目', to_date('05-09-2014 18:12:05', 'dd-mm-yyyy hh24:mi:ss'), 1);
insert into WORKBENCH_PLATFORM_PORTLET (ID, PLATFORM_ID, PORTLET_ID, EDITABLE, SELF_NAME, ADD_TIME, PT_ORDER)
values ('0195967B43D24AEAAEEBA4DAF218A6D0', '4BD668984A8645959D418513E6A99E37', '01', '1', '个人信息', to_date('09-09-2014 10:14:51', 'dd-mm-yyyy hh24:mi:ss'), 0);
insert into WORKBENCH_PLATFORM_PORTLET (ID, PLATFORM_ID, PORTLET_ID, EDITABLE, SELF_NAME, ADD_TIME, PT_ORDER)
values ('075874DB8C1549C3BE95385852C72891', '4BD668984A8645959D418513E6A99E37', '02', '1', '已办', to_date('09-09-2014 10:14:51', 'dd-mm-yyyy hh24:mi:ss'), 1);
insert into WORKBENCH_PLATFORM_PORTLET (ID, PLATFORM_ID, PORTLET_ID, EDITABLE, SELF_NAME, ADD_TIME, PT_ORDER)
values ('38606437BBD74CA78FE4D70120DA8D0F', '4BD668984A8645959D418513E6A99E37', '03', '1', '消息提醒', to_date('09-09-2014 10:14:51', 'dd-mm-yyyy hh24:mi:ss'), 2);
insert into WORKBENCH_PLATFORM_PORTLET (ID, PLATFORM_ID, PORTLET_ID, EDITABLE, SELF_NAME, ADD_TIME, PT_ORDER)
values ('8AD76DE8B3EA4CDAB71CD0828C5A9439', '4BD668984A8645959D418513E6A99E37', '04', '1', '系统公告', to_date('09-09-2014 10:14:51', 'dd-mm-yyyy hh24:mi:ss'), 3);
insert into WORKBENCH_PLATFORM_PORTLET (ID, PLATFORM_ID, PORTLET_ID, EDITABLE, SELF_NAME, ADD_TIME, PT_ORDER)
values ('50915535A2B74C07A084AC04C7023852', '4BD668984A8645959D418513E6A99E37', '05', '1', '工作日历', to_date('09-09-2014 10:14:51', 'dd-mm-yyyy hh24:mi:ss'), 4);
insert into WORKBENCH_PLATFORM_PORTLET (ID, PLATFORM_ID, PORTLET_ID, EDITABLE, SELF_NAME, ADD_TIME, PT_ORDER)
values ('F7B42EE9A30C461089FBE1DDC3832890', '4BD668984A8645959D418513E6A99E37', '06', '1', '待办', to_date('09-09-2014 10:14:51', 'dd-mm-yyyy hh24:mi:ss'), 0);
insert into WORKBENCH_PLATFORM_PORTLET (ID, PLATFORM_ID, PORTLET_ID, EDITABLE, SELF_NAME, ADD_TIME, PT_ORDER)
values ('875406DA74F54D058C767536B9B5FBA2', '4BD668984A8645959D418513E6A99E37', '07', '1', '常用应用', to_date('09-09-2014 10:14:51', 'dd-mm-yyyy hh24:mi:ss'), 1);
insert into WORKBENCH_PLATFORM_PORTLET (ID, PLATFORM_ID, PORTLET_ID, EDITABLE, SELF_NAME, ADD_TIME, PT_ORDER)
values ('66E218EFC2094C48B3811A0B6E5C3A68', '4BD668984A8645959D418513E6A99E37', '08', '1', '项目需求申报及时率准确率统计', to_date('09-09-2014 10:14:51', 'dd-mm-yyyy hh24:mi:ss'), 2);
insert into WORKBENCH_PLATFORM_PORTLET (ID, PLATFORM_ID, PORTLET_ID, EDITABLE, SELF_NAME, ADD_TIME, PT_ORDER)
values ('051C356055A848EFBE6CECA7A250ED9B', '4BD668984A8645959D418513E6A99E37', '10', '1', '物资到货快捷查询', to_date('09-09-2014 10:14:51', 'dd-mm-yyyy hh24:mi:ss'), 3);
insert into WORKBENCH_PLATFORM_PORTLET (ID, PLATFORM_ID, PORTLET_ID, EDITABLE, SELF_NAME, ADD_TIME, PT_ORDER)
values ('C46E3B219AFD4255B6CAF197377B90C7', '4BD668984A8645959D418513E6A99E37', '09', '1', '我负责的项目', to_date('09-09-2014 10:14:51', 'dd-mm-yyyy hh24:mi:ss'), 4);
insert into WORKBENCH_PLATFORM_PORTLET (ID, PLATFORM_ID, PORTLET_ID, EDITABLE, SELF_NAME, ADD_TIME, PT_ORDER)
values ('D92DC2236B0C42DAB456B27617F6CF90', '6D9AC46F0CA740D296FF14E62ED703FD', '01', '1', '个人信息', to_date('05-09-2014 17:55:56', 'dd-mm-yyyy hh24:mi:ss'), 0);
insert into WORKBENCH_PLATFORM_PORTLET (ID, PLATFORM_ID, PORTLET_ID, EDITABLE, SELF_NAME, ADD_TIME, PT_ORDER)
values ('5C52BF77315944A9988E331711244BE5', '6D9AC46F0CA740D296FF14E62ED703FD', '02', '1', '已办', to_date('05-09-2014 17:55:56', 'dd-mm-yyyy hh24:mi:ss'), 1);
insert into WORKBENCH_PLATFORM_PORTLET (ID, PLATFORM_ID, PORTLET_ID, EDITABLE, SELF_NAME, ADD_TIME, PT_ORDER)
values ('626F3FBA71A148A0BC992ABB58492FAD', '6D9AC46F0CA740D296FF14E62ED703FD', '03', '1', '消息提醒', to_date('05-09-2014 17:55:56', 'dd-mm-yyyy hh24:mi:ss'), 2);
insert into WORKBENCH_PLATFORM_PORTLET (ID, PLATFORM_ID, PORTLET_ID, EDITABLE, SELF_NAME, ADD_TIME, PT_ORDER)
values ('6E8B8D2019914E9E80DEAD4182D34519', '6D9AC46F0CA740D296FF14E62ED703FD', '04', '1', '系统公告', to_date('05-09-2014 17:55:56', 'dd-mm-yyyy hh24:mi:ss'), 3);
insert into WORKBENCH_PLATFORM_PORTLET (ID, PLATFORM_ID, PORTLET_ID, EDITABLE, SELF_NAME, ADD_TIME, PT_ORDER)
values ('67C75D50672D41F3BFE50E2073641153', '6D9AC46F0CA740D296FF14E62ED703FD', '05', '1', '工作日历', to_date('05-09-2014 17:55:56', 'dd-mm-yyyy hh24:mi:ss'), 4);
insert into WORKBENCH_PLATFORM_PORTLET (ID, PLATFORM_ID, PORTLET_ID, EDITABLE, SELF_NAME, ADD_TIME, PT_ORDER)
values ('772F98C3A9EA48F88F14DD2E8E8559A3', '6D9AC46F0CA740D296FF14E62ED703FD', '06', '1', '待办', to_date('05-09-2014 17:55:56', 'dd-mm-yyyy hh24:mi:ss'), 0);
insert into WORKBENCH_PLATFORM_PORTLET (ID, PLATFORM_ID, PORTLET_ID, EDITABLE, SELF_NAME, ADD_TIME, PT_ORDER)
values ('8AC80DD1F2294CDAAFB0BBF99601B837', '6D9AC46F0CA740D296FF14E62ED703FD', '07', '1', '常用应用', to_date('05-09-2014 17:55:56', 'dd-mm-yyyy hh24:mi:ss'), 1);
insert into WORKBENCH_PLATFORM_PORTLET (ID, PLATFORM_ID, PORTLET_ID, EDITABLE, SELF_NAME, ADD_TIME, PT_ORDER)
values ('5049FB575B034CB0BD90DF41FF2FF62E', '6D9AC46F0CA740D296FF14E62ED703FD', '08', '1', '项目需求申报及时率准确率统计', to_date('05-09-2014 17:55:56', 'dd-mm-yyyy hh24:mi:ss'), 2);
commit;
prompt 400 records committed...
insert into WORKBENCH_PLATFORM_PORTLET (ID, PLATFORM_ID, PORTLET_ID, EDITABLE, SELF_NAME, ADD_TIME, PT_ORDER)
values ('A4F1BBA667A64A859A834549D0866223', '6D9AC46F0CA740D296FF14E62ED703FD', '09', '1', '我负责的项目', to_date('05-09-2014 17:55:56', 'dd-mm-yyyy hh24:mi:ss'), 3);
insert into WORKBENCH_PLATFORM_PORTLET (ID, PLATFORM_ID, PORTLET_ID, EDITABLE, SELF_NAME, ADD_TIME, PT_ORDER)
values ('5307E4F5C46649D9A47714E6BCA8A216', '2DD4B9160B084A808C4015ABDCDF6421', '03', '1', '消息提醒', to_date('05-09-2014 18:10:57', 'dd-mm-yyyy hh24:mi:ss'), 0);
insert into WORKBENCH_PLATFORM_PORTLET (ID, PLATFORM_ID, PORTLET_ID, EDITABLE, SELF_NAME, ADD_TIME, PT_ORDER)
values ('6D014EC1F82045F2BC698DD1155090C5', '2DD4B9160B084A808C4015ABDCDF6421', '04', '1', '系统公告', to_date('05-09-2014 18:10:57', 'dd-mm-yyyy hh24:mi:ss'), 1);
insert into WORKBENCH_PLATFORM_PORTLET (ID, PLATFORM_ID, PORTLET_ID, EDITABLE, SELF_NAME, ADD_TIME, PT_ORDER)
values ('A3C8FC70552549D0AAAD97C037581BDA', '441BDC2358F34196962CBA8D7A585D89', '01', '1', null, to_date('04-09-2014 15:07:26', 'dd-mm-yyyy hh24:mi:ss'), 1);
insert into WORKBENCH_PLATFORM_PORTLET (ID, PLATFORM_ID, PORTLET_ID, EDITABLE, SELF_NAME, ADD_TIME, PT_ORDER)
values ('41B1C55A65B84169957B4AC82046E407', '441BDC2358F34196962CBA8D7A585D89', '02', '1', null, to_date('04-09-2014 15:07:26', 'dd-mm-yyyy hh24:mi:ss'), 2);
insert into WORKBENCH_PLATFORM_PORTLET (ID, PLATFORM_ID, PORTLET_ID, EDITABLE, SELF_NAME, ADD_TIME, PT_ORDER)
values ('401F2B0E08D64795A91F093F65DF1931', '441BDC2358F34196962CBA8D7A585D89', '03', '1', null, to_date('04-09-2014 15:07:27', 'dd-mm-yyyy hh24:mi:ss'), 3);
insert into WORKBENCH_PLATFORM_PORTLET (ID, PLATFORM_ID, PORTLET_ID, EDITABLE, SELF_NAME, ADD_TIME, PT_ORDER)
values ('EAFD0C12FCA440EE941DEDCE95BF6818', '441BDC2358F34196962CBA8D7A585D89', '04', '1', null, to_date('04-09-2014 15:07:27', 'dd-mm-yyyy hh24:mi:ss'), 4);
insert into WORKBENCH_PLATFORM_PORTLET (ID, PLATFORM_ID, PORTLET_ID, EDITABLE, SELF_NAME, ADD_TIME, PT_ORDER)
values ('68A4242D8AFC4C659C340EBCDEE65C2C', '441BDC2358F34196962CBA8D7A585D89', '10', '1', null, to_date('04-09-2014 15:07:27', 'dd-mm-yyyy hh24:mi:ss'), 9);
insert into WORKBENCH_PLATFORM_PORTLET (ID, PLATFORM_ID, PORTLET_ID, EDITABLE, SELF_NAME, ADD_TIME, PT_ORDER)
values ('EA0FF44E0C064361B1FA466989CF7D46', '441BDC2358F34196962CBA8D7A585D89', '09', '1', null, to_date('04-09-2014 15:07:27', 'dd-mm-yyyy hh24:mi:ss'), 9);
insert into WORKBENCH_PLATFORM_PORTLET (ID, PLATFORM_ID, PORTLET_ID, EDITABLE, SELF_NAME, ADD_TIME, PT_ORDER)
values ('8140645642E84BB2AF5200B032F31DBA', '441BDC2358F34196962CBA8D7A585D89', '08', '1', null, to_date('04-09-2014 15:07:27', 'dd-mm-yyyy hh24:mi:ss'), 8);
insert into WORKBENCH_PLATFORM_PORTLET (ID, PLATFORM_ID, PORTLET_ID, EDITABLE, SELF_NAME, ADD_TIME, PT_ORDER)
values ('12238D161EF4424B8D2C1C618228CDFC', '441BDC2358F34196962CBA8D7A585D89', '07', '1', null, to_date('04-09-2014 15:07:27', 'dd-mm-yyyy hh24:mi:ss'), 7);
insert into WORKBENCH_PLATFORM_PORTLET (ID, PLATFORM_ID, PORTLET_ID, EDITABLE, SELF_NAME, ADD_TIME, PT_ORDER)
values ('C9EFA5A393DD423BB8ACE571259818AD', '441BDC2358F34196962CBA8D7A585D89', '06', '1', null, to_date('04-09-2014 15:07:27', 'dd-mm-yyyy hh24:mi:ss'), 6);
insert into WORKBENCH_PLATFORM_PORTLET (ID, PLATFORM_ID, PORTLET_ID, EDITABLE, SELF_NAME, ADD_TIME, PT_ORDER)
values ('DDF004A2A5B34A81817A81A9818C4897', '441BDC2358F34196962CBA8D7A585D89', '05', '1', null, to_date('04-09-2014 15:07:27', 'dd-mm-yyyy hh24:mi:ss'), 5);
insert into WORKBENCH_PLATFORM_PORTLET (ID, PLATFORM_ID, PORTLET_ID, EDITABLE, SELF_NAME, ADD_TIME, PT_ORDER)
values ('7EBAA6210F6F4922BC931CBFF0C56CFB', 'EEDE92F538A14B638E83E3236D04AE4A', '03', '1', null, to_date('09-09-2014 10:56:17', 'dd-mm-yyyy hh24:mi:ss'), 2);
insert into WORKBENCH_PLATFORM_PORTLET (ID, PLATFORM_ID, PORTLET_ID, EDITABLE, SELF_NAME, ADD_TIME, PT_ORDER)
values ('4EE75FAEF21F4B0FB150B438971FE341', 'EEDE92F538A14B638E83E3236D04AE4A', '04', '1', null, to_date('09-09-2014 10:56:17', 'dd-mm-yyyy hh24:mi:ss'), 3);
insert into WORKBENCH_PLATFORM_PORTLET (ID, PLATFORM_ID, PORTLET_ID, EDITABLE, SELF_NAME, ADD_TIME, PT_ORDER)
values ('9A9D943C2CBE413EA99AC58A9F5A100F', 'EEDE92F538A14B638E83E3236D04AE4A', '05', '1', null, to_date('09-09-2014 10:56:17', 'dd-mm-yyyy hh24:mi:ss'), 4);
insert into WORKBENCH_PLATFORM_PORTLET (ID, PLATFORM_ID, PORTLET_ID, EDITABLE, SELF_NAME, ADD_TIME, PT_ORDER)
values ('1868661DB9E04998BFADADD13E9F07DA', 'EEDE92F538A14B638E83E3236D04AE4A', '01', '1', null, to_date('09-09-2014 10:56:17', 'dd-mm-yyyy hh24:mi:ss'), 0);
insert into WORKBENCH_PLATFORM_PORTLET (ID, PLATFORM_ID, PORTLET_ID, EDITABLE, SELF_NAME, ADD_TIME, PT_ORDER)
values ('9AAEF51851A14CDB989431B370A21F04', 'EEDE92F538A14B638E83E3236D04AE4A', '02', '1', null, to_date('09-09-2014 10:56:17', 'dd-mm-yyyy hh24:mi:ss'), 1);
insert into WORKBENCH_PLATFORM_PORTLET (ID, PLATFORM_ID, PORTLET_ID, EDITABLE, SELF_NAME, ADD_TIME, PT_ORDER)
values ('FE06C9764FB04D1AAAB13D7A8B6959D8', 'EEDE92F538A14B638E83E3236D04AE4A', '7D1195DE2CE04245A7275BC30E25B538', '1', null, to_date('09-09-2014 10:56:17', 'dd-mm-yyyy hh24:mi:ss'), 5);
insert into WORKBENCH_PLATFORM_PORTLET (ID, PLATFORM_ID, PORTLET_ID, EDITABLE, SELF_NAME, ADD_TIME, PT_ORDER)
values ('06EFFCB784424507A5E1585B1F8C4940', 'EEDE92F538A14B638E83E3236D04AE4A', 'F3839A11E5094979A1842B38320F6139', '1', null, to_date('09-09-2014 10:56:17', 'dd-mm-yyyy hh24:mi:ss'), 6);
insert into WORKBENCH_PLATFORM_PORTLET (ID, PLATFORM_ID, PORTLET_ID, EDITABLE, SELF_NAME, ADD_TIME, PT_ORDER)
values ('E491789208D94EACA2886A8A0EC3A53D', 'EEDE92F538A14B638E83E3236D04AE4A', 'A4C882A899BB464FA29FCBA2CDFD18B5', '1', null, to_date('09-09-2014 10:56:17', 'dd-mm-yyyy hh24:mi:ss'), 7);
insert into WORKBENCH_PLATFORM_PORTLET (ID, PLATFORM_ID, PORTLET_ID, EDITABLE, SELF_NAME, ADD_TIME, PT_ORDER)
values ('69343CCAE85B486B83879B1CC8832F14', 'EEDE92F538A14B638E83E3236D04AE4A', '06', '1', null, to_date('09-09-2014 10:56:17', 'dd-mm-yyyy hh24:mi:ss'), 0);
insert into WORKBENCH_PLATFORM_PORTLET (ID, PLATFORM_ID, PORTLET_ID, EDITABLE, SELF_NAME, ADD_TIME, PT_ORDER)
values ('2A98E5F28DF34140AD858CFE875F017C', 'EEDE92F538A14B638E83E3236D04AE4A', '07', '1', null, to_date('09-09-2014 10:56:17', 'dd-mm-yyyy hh24:mi:ss'), 1);
insert into WORKBENCH_PLATFORM_PORTLET (ID, PLATFORM_ID, PORTLET_ID, EDITABLE, SELF_NAME, ADD_TIME, PT_ORDER)
values ('293C91E9DC6E4AD2961327416830ECC3', 'EEDE92F538A14B638E83E3236D04AE4A', '21DD3F81AF6D44109513A8C81DD2B702', '1', null, to_date('09-09-2014 10:56:17', 'dd-mm-yyyy hh24:mi:ss'), 2);
insert into WORKBENCH_PLATFORM_PORTLET (ID, PLATFORM_ID, PORTLET_ID, EDITABLE, SELF_NAME, ADD_TIME, PT_ORDER)
values ('21F4D541B50C49FC912C45DFF0ADE865', 'EEDE92F538A14B638E83E3236D04AE4A', '816012A04D1F48CAAE9A5C2555ABC841', '1', null, to_date('09-09-2014 10:56:17', 'dd-mm-yyyy hh24:mi:ss'), 3);
insert into WORKBENCH_PLATFORM_PORTLET (ID, PLATFORM_ID, PORTLET_ID, EDITABLE, SELF_NAME, ADD_TIME, PT_ORDER)
values ('E1B9E6F9963F4FA28CF7944134243215', 'EEDE92F538A14B638E83E3236D04AE4A', '08', '1', null, to_date('09-09-2014 10:56:17', 'dd-mm-yyyy hh24:mi:ss'), 4);
insert into WORKBENCH_PLATFORM_PORTLET (ID, PLATFORM_ID, PORTLET_ID, EDITABLE, SELF_NAME, ADD_TIME, PT_ORDER)
values ('975C84127BB54CD595D5E8DC9959E440', 'EEDE92F538A14B638E83E3236D04AE4A', '09', '1', null, to_date('09-09-2014 10:56:17', 'dd-mm-yyyy hh24:mi:ss'), 5);
insert into WORKBENCH_PLATFORM_PORTLET (ID, PLATFORM_ID, PORTLET_ID, EDITABLE, SELF_NAME, ADD_TIME, PT_ORDER)
values ('FDF683DE7760450CAD058502C39EC55C', 'EEDE92F538A14B638E83E3236D04AE4A', '10', '1', null, to_date('09-09-2014 10:56:17', 'dd-mm-yyyy hh24:mi:ss'), 6);
insert into WORKBENCH_PLATFORM_PORTLET (ID, PLATFORM_ID, PORTLET_ID, EDITABLE, SELF_NAME, ADD_TIME, PT_ORDER)
values ('85274D697D434B99B4C81D6C035C14BD', 'EEDE92F538A14B638E83E3236D04AE4A', '17', '1', null, to_date('09-09-2014 10:56:17', 'dd-mm-yyyy hh24:mi:ss'), 7);
insert into WORKBENCH_PLATFORM_PORTLET (ID, PLATFORM_ID, PORTLET_ID, EDITABLE, SELF_NAME, ADD_TIME, PT_ORDER)
values ('4A0C7A8B37A04842B568D43D283D5F73', 'EEDE92F538A14B638E83E3236D04AE4A', '16', '1', null, to_date('09-09-2014 10:56:17', 'dd-mm-yyyy hh24:mi:ss'), 8);
insert into WORKBENCH_PLATFORM_PORTLET (ID, PLATFORM_ID, PORTLET_ID, EDITABLE, SELF_NAME, ADD_TIME, PT_ORDER)
values ('D4D4F302EC144B248F183F200FD47CD8', 'EEDE92F538A14B638E83E3236D04AE4A', '15', '1', null, to_date('09-09-2014 10:56:17', 'dd-mm-yyyy hh24:mi:ss'), 9);
commit;
prompt 431 records loaded
prompt Loading WORKBENCH_PORTLET...
insert into WORKBENCH_PORTLET (PORTLET_ID, PORTLET_NAME, PORTLET_RIGHT_CODE, PORTLET_URL, PORTLET_POSTION, PORTLET_TAG, PIC_ADDRESS, PORTLET_DESCRIBE, PORTLET_CREATE_TIME, PORTLET_MOFIFY_TIME, IS_COMMON)
values ('05', '工作日历', 'PORTLET_COMMON', '/top/workbench/platform/test.jsp', '0', '公共微件', 'portlet_gongzuorili.png', '这是一个由开发组开发出来的微件、该微件可以供所有的有权限使用的人员随意拖拽使用！', to_date('25-07-2014', 'dd-mm-yyyy'), to_date('25-07-2014', 'dd-mm-yyyy'), '1');
insert into WORKBENCH_PORTLET (PORTLET_ID, PORTLET_NAME, PORTLET_RIGHT_CODE, PORTLET_URL, PORTLET_POSTION, PORTLET_TAG, PIC_ADDRESS, PORTLET_DESCRIBE, PORTLET_CREATE_TIME, PORTLET_MOFIFY_TIME, IS_COMMON)
values ('06', '待办', 'PORTLET_COMMON', '/top/workbench/todo/DesktopTodo.jsp', '1', '公共微件', 'portlet_daiban.png', '这是一个由开发组开发出来的微件、该微件可以供所有的有权限使用的人员随意拖拽使用！', to_date('26-07-2014', 'dd-mm-yyyy'), to_date('26-07-2014', 'dd-mm-yyyy'), '1');
insert into WORKBENCH_PORTLET (PORTLET_ID, PORTLET_NAME, PORTLET_RIGHT_CODE, PORTLET_URL, PORTLET_POSTION, PORTLET_TAG, PIC_ADDRESS, PORTLET_DESCRIBE, PORTLET_CREATE_TIME, PORTLET_MOFIFY_TIME, IS_COMMON)
values ('07', '常用应用', 'PORTLET_COMMON', '/top/workbench/app/CommonApp.jsp', '1', '公共微件', 'portlet_changyongyingyong.png', '这是一个由开发组开发出来的微件、该微件可以供所有的有权限使用的人员随意拖拽使用！', to_date('27-07-2014', 'dd-mm-yyyy'), to_date('27-07-2014', 'dd-mm-yyyy'), '1');
insert into WORKBENCH_PORTLET (PORTLET_ID, PORTLET_NAME, PORTLET_RIGHT_CODE, PORTLET_URL, PORTLET_POSTION, PORTLET_TAG, PIC_ADDRESS, PORTLET_DESCRIBE, PORTLET_CREATE_TIME, PORTLET_MOFIFY_TIME, IS_COMMON)
values ('08', '项目需求申报及时率准确率统计', 'PORTLET_REQUIRE_REPORT', '/top/workbench/platform/report.jsp', '1', '右侧微件', 'portlet_da.png', '这是一个由开发组开发出来的微件、该微件可以供所有的有权限使用的人员随意拖拽使用！', to_date('28-07-2014', 'dd-mm-yyyy'), to_date('28-07-2014', 'dd-mm-yyyy'), '0');
insert into WORKBENCH_PORTLET (PORTLET_ID, PORTLET_NAME, PORTLET_RIGHT_CODE, PORTLET_URL, PORTLET_POSTION, PORTLET_TAG, PIC_ADDRESS, PORTLET_DESCRIBE, PORTLET_CREATE_TIME, PORTLET_MOFIFY_TIME, IS_COMMON)
values ('09', '我负责的项目', 'PORTLET_MYPROJECT', '/top/workbench/platform/test.jsp', '1', '右侧微件', 'portlet_da.png', '这是一个由开发组开发出来的微件、该微件可以供所有的有权限使用的人员随意拖拽使用！', to_date('29-07-2014', 'dd-mm-yyyy'), to_date('29-07-2014', 'dd-mm-yyyy'), '0');
insert into WORKBENCH_PORTLET (PORTLET_ID, PORTLET_NAME, PORTLET_RIGHT_CODE, PORTLET_URL, PORTLET_POSTION, PORTLET_TAG, PIC_ADDRESS, PORTLET_DESCRIBE, PORTLET_CREATE_TIME, PORTLET_MOFIFY_TIME, IS_COMMON)
values ('01', '个人信息', 'PORTLET_COMMON', '/top/workbench/personal/PersonalInfo.jsp', '0', '公共微件', 'portlet_gerenxinxi.png', '这是一个由开发组开发出来的微件、该微件可以供所有的有权限使用的人员随意拖拽使用！', to_date('21-07-2014', 'dd-mm-yyyy'), to_date('21-07-2014', 'dd-mm-yyyy'), '1');
insert into WORKBENCH_PORTLET (PORTLET_ID, PORTLET_NAME, PORTLET_RIGHT_CODE, PORTLET_URL, PORTLET_POSTION, PORTLET_TAG, PIC_ADDRESS, PORTLET_DESCRIBE, PORTLET_CREATE_TIME, PORTLET_MOFIFY_TIME, IS_COMMON)
values ('02', '已办', 'PORTLET_COMMON', '/top/workbench/done/DesktopDone.jsp', '0', '公共微件', 'portlet_yiban.png', '这是一个由开发组开发出来的微件、该微件可以供所有的有权限使用的人员随意拖拽使用！', to_date('22-07-2014', 'dd-mm-yyyy'), to_date('22-07-2014', 'dd-mm-yyyy'), '1');
insert into WORKBENCH_PORTLET (PORTLET_ID, PORTLET_NAME, PORTLET_RIGHT_CODE, PORTLET_URL, PORTLET_POSTION, PORTLET_TAG, PIC_ADDRESS, PORTLET_DESCRIBE, PORTLET_CREATE_TIME, PORTLET_MOFIFY_TIME, IS_COMMON)
values ('03', '消息提醒', 'PORTLET_COMMON', '/top/workbench/message/DesktopMessage.jsp', '0', '公共微件', 'portlet_xiaoxitixing.png', '这是一个由开发组开发出来的微件、该微件可以供所有的有权限使用的人员随意拖拽使用！', to_date('23-07-2014', 'dd-mm-yyyy'), to_date('23-07-2014', 'dd-mm-yyyy'), '1');
insert into WORKBENCH_PORTLET (PORTLET_ID, PORTLET_NAME, PORTLET_RIGHT_CODE, PORTLET_URL, PORTLET_POSTION, PORTLET_TAG, PIC_ADDRESS, PORTLET_DESCRIBE, PORTLET_CREATE_TIME, PORTLET_MOFIFY_TIME, IS_COMMON)
values ('04', '系统公告', 'PORTLET_COMMON', '/top/workbench/platform/test.jsp', '0', '公共微件', 'portlet_xitonggonggao.png', '这是一个由开发组开发出来的微件、该微件可以供所有的有权限使用的人员随意拖拽使用！', to_date('24-07-2014', 'dd-mm-yyyy'), to_date('24-07-2014', 'dd-mm-yyyy'), '1');
insert into WORKBENCH_PORTLET (PORTLET_ID, PORTLET_NAME, PORTLET_RIGHT_CODE, PORTLET_URL, PORTLET_POSTION, PORTLET_TAG, PIC_ADDRESS, PORTLET_DESCRIBE, PORTLET_CREATE_TIME, PORTLET_MOFIFY_TIME, IS_COMMON)
values ('21DD3F81AF6D44109513A8C81DD2B702', '我的微件', 'PORTLET_COMMON', 'abc.uar', '1', '公共微件', 'portlet_da.png', '描述描述描述描述描述描述描述描述描述描述描述', to_date('05-09-2014 15:19:21', 'dd-mm-yyyy hh24:mi:ss'), to_date('05-09-2014 15:19:35', 'dd-mm-yyyy hh24:mi:ss'), '1');
insert into WORKBENCH_PORTLET (PORTLET_ID, PORTLET_NAME, PORTLET_RIGHT_CODE, PORTLET_URL, PORTLET_POSTION, PORTLET_TAG, PIC_ADDRESS, PORTLET_DESCRIBE, PORTLET_CREATE_TIME, PORTLET_MOFIFY_TIME, IS_COMMON)
values ('10', '物资到货快捷查询', 'PORTLET_OBJECT_ARRIVED', '/top/workbench/platform/test.jsp', '1', '右侧微件', 'portlet_da.png', '这是一个由开发组开发出来的微件、该微件可以供所有的有权限使用的人员随意拖拽使用！', to_date('08-08-2014', 'dd-mm-yyyy'), to_date('08-08-2014', 'dd-mm-yyyy'), '0');
insert into WORKBENCH_PORTLET (PORTLET_ID, PORTLET_NAME, PORTLET_RIGHT_CODE, PORTLET_URL, PORTLET_POSTION, PORTLET_TAG, PIC_ADDRESS, PORTLET_DESCRIBE, PORTLET_CREATE_TIME, PORTLET_MOFIFY_TIME, IS_COMMON)
values ('11', '物资记账中心', 'PORTLET_MONEY_CENTER', '/top/workbench/platform/test.jsp', '1', '右侧微件', 'portlet_da.png', '这是一个由开发组开发出来的微件、该微件可以供所有的有权限使用的人员随意拖拽使用！', to_date('08-08-2014', 'dd-mm-yyyy'), to_date('08-08-2014', 'dd-mm-yyyy'), '0');
insert into WORKBENCH_PORTLET (PORTLET_ID, PORTLET_NAME, PORTLET_RIGHT_CODE, PORTLET_URL, PORTLET_POSTION, PORTLET_TAG, PIC_ADDRESS, PORTLET_DESCRIBE, PORTLET_CREATE_TIME, PORTLET_MOFIFY_TIME, IS_COMMON)
values ('12', '履约统计', 'PORTLET_TRUETALK', '/top/workbench/platform/test.jsp', '1', '右侧微件', 'portlet_da.png', '这是一个由开发组开发出来的微件、该微件可以供所有的有权限使用的人员随意拖拽使用！', to_date('08-08-2014', 'dd-mm-yyyy'), to_date('08-08-2014', 'dd-mm-yyyy'), '0');
insert into WORKBENCH_PORTLET (PORTLET_ID, PORTLET_NAME, PORTLET_RIGHT_CODE, PORTLET_URL, PORTLET_POSTION, PORTLET_TAG, PIC_ADDRESS, PORTLET_DESCRIBE, PORTLET_CREATE_TIME, PORTLET_MOFIFY_TIME, IS_COMMON)
values ('13', '统计查询中心', 'PORTLET_QUERYCENTER', '/top/workbench/platform/test.jsp', '1', '右侧微件', 'portlet_da.png', '这是一个由开发组开发出来的微件、该微件可以供所有的有权限使用的人员随意拖拽使用！', to_date('08-08-2014', 'dd-mm-yyyy'), to_date('08-08-2014', 'dd-mm-yyyy'), '0');
insert into WORKBENCH_PORTLET (PORTLET_ID, PORTLET_NAME, PORTLET_RIGHT_CODE, PORTLET_URL, PORTLET_POSTION, PORTLET_TAG, PIC_ADDRESS, PORTLET_DESCRIBE, PORTLET_CREATE_TIME, PORTLET_MOFIFY_TIME, IS_COMMON)
values ('14', '省级干部能见', 'PORTLET_SJ', '/top/workbench/platform/test.jsp', '1', '右侧微件', 'portlet_da.png', '这是一个由开发组开发出来的微件、该微件可以供所有的有权限使用的人员随意拖拽使用！', to_date('08-08-2014', 'dd-mm-yyyy'), to_date('08-08-2014', 'dd-mm-yyyy'), '0');
insert into WORKBENCH_PORTLET (PORTLET_ID, PORTLET_NAME, PORTLET_RIGHT_CODE, PORTLET_URL, PORTLET_POSTION, PORTLET_TAG, PIC_ADDRESS, PORTLET_DESCRIBE, PORTLET_CREATE_TIME, PORTLET_MOFIFY_TIME, IS_COMMON)
values ('15', '地市级领导能见', 'PORTLET_DSJ', '/top/workbench/platform/test.jsp', '1', '右侧微件', 'portlet_da.png', '这是一个由开发组开发出来的微件、该微件可以供所有的有权限使用的人员随意拖拽使用！', to_date('08-08-2014', 'dd-mm-yyyy'), to_date('08-08-2014', 'dd-mm-yyyy'), '0');
insert into WORKBENCH_PORTLET (PORTLET_ID, PORTLET_NAME, PORTLET_RIGHT_CODE, PORTLET_URL, PORTLET_POSTION, PORTLET_TAG, PIC_ADDRESS, PORTLET_DESCRIBE, PORTLET_CREATE_TIME, PORTLET_MOFIFY_TIME, IS_COMMON)
values ('16', '县级干部能见', 'PORTLET_XJ', '/top/workbench/platform/test.jsp', '1', '右侧微件', 'portlet_da.png', '这是一个由开发组开发出来的微件、该微件可以供所有的有权限使用的人员随意拖拽使用！', to_date('08-08-2014', 'dd-mm-yyyy'), to_date('08-08-2014', 'dd-mm-yyyy'), '0');
insert into WORKBENCH_PORTLET (PORTLET_ID, PORTLET_NAME, PORTLET_RIGHT_CODE, PORTLET_URL, PORTLET_POSTION, PORTLET_TAG, PIC_ADDRESS, PORTLET_DESCRIBE, PORTLET_CREATE_TIME, PORTLET_MOFIFY_TIME, IS_COMMON)
values ('17', '镇级领导能见', 'PORTLET_ZJ', '/top/workbench/platform/test.jsp', '1', '右侧微件', 'portlet_da.png', '这是一个由开发组开发出来的微件、该微件可以供所有的有权限使用的人员随意拖拽使用！', to_date('08-08-2014', 'dd-mm-yyyy'), to_date('08-08-2014', 'dd-mm-yyyy'), '0');
insert into WORKBENCH_PORTLET (PORTLET_ID, PORTLET_NAME, PORTLET_RIGHT_CODE, PORTLET_URL, PORTLET_POSTION, PORTLET_TAG, PIC_ADDRESS, PORTLET_DESCRIBE, PORTLET_CREATE_TIME, PORTLET_MOFIFY_TIME, IS_COMMON)
values ('F3839A11E5094979A1842B38320F6139', '胡定波修改的', 'test', 'sssssss', '0', '左侧微件', 'portlet_xiao.png', '水水水水水水水水水水水水水水水水', to_date('05-09-2014 15:30:59', 'dd-mm-yyyy hh24:mi:ss'), to_date('05-09-2014 18:02:09', 'dd-mm-yyyy hh24:mi:ss'), '0');
insert into WORKBENCH_PORTLET (PORTLET_ID, PORTLET_NAME, PORTLET_RIGHT_CODE, PORTLET_URL, PORTLET_POSTION, PORTLET_TAG, PIC_ADDRESS, PORTLET_DESCRIBE, PORTLET_CREATE_TIME, PORTLET_MOFIFY_TIME, IS_COMMON)
values ('7D1195DE2CE04245A7275BC30E25B538', '地理', 'PORTLET_OBJECT_ARRIVED', '123', '0', '左侧微件', 'portlet_xiao.png', '1111111111111111111111111111111111是是', to_date('04-09-2014 16:18:00', 'dd-mm-yyyy hh24:mi:ss'), to_date('05-09-2014 18:14:23', 'dd-mm-yyyy hh24:mi:ss'), '0');
insert into WORKBENCH_PORTLET (PORTLET_ID, PORTLET_NAME, PORTLET_RIGHT_CODE, PORTLET_URL, PORTLET_POSTION, PORTLET_TAG, PIC_ADDRESS, PORTLET_DESCRIBE, PORTLET_CREATE_TIME, PORTLET_MOFIFY_TIME, IS_COMMON)
values ('816012A04D1F48CAAE9A5C2555ABC841', '测试微件', 'PORTLET_COMMON', 'ceshi.do', '1', '公共微件', 'portlet_da.png', '这是一个由开发组开发出来的微件、该微件可以供所有的有权限使用的人员随意拖拽使用！', to_date('05-09-2014 15:27:49', 'dd-mm-yyyy hh24:mi:ss'), to_date('09-09-2014 09:59:48', 'dd-mm-yyyy hh24:mi:ss'), '1');
insert into WORKBENCH_PORTLET (PORTLET_ID, PORTLET_NAME, PORTLET_RIGHT_CODE, PORTLET_URL, PORTLET_POSTION, PORTLET_TAG, PIC_ADDRESS, PORTLET_DESCRIBE, PORTLET_CREATE_TIME, PORTLET_MOFIFY_TIME, IS_COMMON)
values ('A4C882A899BB464FA29FCBA2CDFD18B5', '我的微件1', 'everyone', 'abc.do', '0', '左侧微件', 'portlet_xiao.png', 'testssssssssssss是', to_date('05-09-2014 17:56:36', 'dd-mm-yyyy hh24:mi:ss'), to_date('05-09-2014 18:14:09', 'dd-mm-yyyy hh24:mi:ss'), '0');
commit;
prompt 22 records loaded
prompt Loading WORKBENCH_TEMPLATE...
insert into WORKBENCH_TEMPLATE (TEMPLATE_ID, TEMPLATE_RIGHT_CODE, TEMPLATE_NAME, IS_SUPER_TEMPLATE, IS_DEFAULT, TEMPLATE_DESCRIBE, TEMPLATE_CREATE_TIME, TEMPLATE_PIC)
values ('03', null, '超级工作台', '1', null, '超级模板基本描述I信息1', to_date('04-09-2014 15:57:24', 'dd-mm-yyyy hh24:mi:ss'), 'template_super.png');
insert into WORKBENCH_TEMPLATE (TEMPLATE_ID, TEMPLATE_RIGHT_CODE, TEMPLATE_NAME, IS_SUPER_TEMPLATE, IS_DEFAULT, TEMPLATE_DESCRIBE, TEMPLATE_CREATE_TIME, TEMPLATE_PIC)
values ('01', 'TEMPLATE_SJ', '省级领导工作台', '0', '1', '省级领导工作台描述687686', to_date('04-09-2014 17:21:13', 'dd-mm-yyyy hh24:mi:ss'), 'template_default.png');
insert into WORKBENCH_TEMPLATE (TEMPLATE_ID, TEMPLATE_RIGHT_CODE, TEMPLATE_NAME, IS_SUPER_TEMPLATE, IS_DEFAULT, TEMPLATE_DESCRIBE, TEMPLATE_CREATE_TIME, TEMPLATE_PIC)
values ('02', 'TEMPLATE_DSJ', '地市级领导工作台', '0', '1', '地市级领导工作台描述', to_date('04-09-2014 15:49:16', 'dd-mm-yyyy hh24:mi:ss'), 'template_default.png');
insert into WORKBENCH_TEMPLATE (TEMPLATE_ID, TEMPLATE_RIGHT_CODE, TEMPLATE_NAME, IS_SUPER_TEMPLATE, IS_DEFAULT, TEMPLATE_DESCRIBE, TEMPLATE_CREATE_TIME, TEMPLATE_PIC)
values ('6120FED0B90B4614BA163EBC1BDC1165', 'test', '包含有10多个的工作台', '0', '0', '包含有10多个的工作台包含有10多个的工作台包含有10多个的工作台包含有10多个的工作台包含有10多个的工作台包含有10多个的工作台包含有10多个的工作台包含有10多个的工作台包含有10多个的工作台', to_date('09-09-2014 10:55:35', 'dd-mm-yyyy hh24:mi:ss'), 'template_common.png');
insert into WORKBENCH_TEMPLATE (TEMPLATE_ID, TEMPLATE_RIGHT_CODE, TEMPLATE_NAME, IS_SUPER_TEMPLATE, IS_DEFAULT, TEMPLATE_DESCRIBE, TEMPLATE_CREATE_TIME, TEMPLATE_PIC)
values ('04', 'TEMPLATE_XJ', '县级领导工作台', '0', '0', '县级领导工作台描述', to_date('08-08-2014', 'dd-mm-yyyy'), 'template_common.png');
insert into WORKBENCH_TEMPLATE (TEMPLATE_ID, TEMPLATE_RIGHT_CODE, TEMPLATE_NAME, IS_SUPER_TEMPLATE, IS_DEFAULT, TEMPLATE_DESCRIBE, TEMPLATE_CREATE_TIME, TEMPLATE_PIC)
values ('05', 'TEMPLATE_ZJ', '镇级领导工作台', '0', '0', '镇级领导工作台描述', to_date('08-08-2014', 'dd-mm-yyyy'), 'template_common.png');
insert into WORKBENCH_TEMPLATE (TEMPLATE_ID, TEMPLATE_RIGHT_CODE, TEMPLATE_NAME, IS_SUPER_TEMPLATE, IS_DEFAULT, TEMPLATE_DESCRIBE, TEMPLATE_CREATE_TIME, TEMPLATE_PIC)
values ('2EBDD2853FE1495ABE340D7D2B27A6C5', '002', '测试', '0', '0', '水水水水谁谁谁水水水水', to_date('05-09-2014 18:02:46', 'dd-mm-yyyy hh24:mi:ss'), 'template_common.png');
commit;
prompt 7 records loaded
prompt Loading WORKBENCH_TEMPLATE_PORTEL...
insert into WORKBENCH_TEMPLATE_PORTEL (ID, TEMPLATE_ID, PORTLET_ID, PORTLET_ORDER)
values ('E32013742515409CA13B072DAE31F9CB', '01', '02', 0);
insert into WORKBENCH_TEMPLATE_PORTEL (ID, TEMPLATE_ID, PORTLET_ID, PORTLET_ORDER)
values ('7AAB92CDD06D40CA95AA8886005C6E13', '01', '01', 1);
insert into WORKBENCH_TEMPLATE_PORTEL (ID, TEMPLATE_ID, PORTLET_ID, PORTLET_ORDER)
values ('97F63096D1AD49D396BA09663F65841E', '01', '03', 2);
insert into WORKBENCH_TEMPLATE_PORTEL (ID, TEMPLATE_ID, PORTLET_ID, PORTLET_ORDER)
values ('BC37E18122D4496793BF793F3D54F62E', '01', '04', 3);
insert into WORKBENCH_TEMPLATE_PORTEL (ID, TEMPLATE_ID, PORTLET_ID, PORTLET_ORDER)
values ('CE62F38C8D3C4AEC929092D8E430D6D5', '01', '05', 4);
insert into WORKBENCH_TEMPLATE_PORTEL (ID, TEMPLATE_ID, PORTLET_ID, PORTLET_ORDER)
values ('15B5C85DE12C4E46B9D36B3BDE74C5C7', '01', '06', 0);
insert into WORKBENCH_TEMPLATE_PORTEL (ID, TEMPLATE_ID, PORTLET_ID, PORTLET_ORDER)
values ('B30C15D31D8F4FE4A8946EB0042688B9', '01', '07', 1);
insert into WORKBENCH_TEMPLATE_PORTEL (ID, TEMPLATE_ID, PORTLET_ID, PORTLET_ORDER)
values ('728C92A6EF7B414D88532361AFCED2C8', '01', '08', 2);
insert into WORKBENCH_TEMPLATE_PORTEL (ID, TEMPLATE_ID, PORTLET_ID, PORTLET_ORDER)
values ('8F1B102E85D244939AC79227378DAEAC', '01', '09', 3);
insert into WORKBENCH_TEMPLATE_PORTEL (ID, TEMPLATE_ID, PORTLET_ID, PORTLET_ORDER)
values ('A685E4D8BDEF4C59B6B115F4AA6391B6', '03', '01', 0);
insert into WORKBENCH_TEMPLATE_PORTEL (ID, TEMPLATE_ID, PORTLET_ID, PORTLET_ORDER)
values ('F563F929B2FF48E38DF0E75AB920B98F', '03', '02', 1);
insert into WORKBENCH_TEMPLATE_PORTEL (ID, TEMPLATE_ID, PORTLET_ID, PORTLET_ORDER)
values ('CB947241182D4DDBABCC7F8D8066743D', '03', '03', 2);
insert into WORKBENCH_TEMPLATE_PORTEL (ID, TEMPLATE_ID, PORTLET_ID, PORTLET_ORDER)
values ('C331FD584EB343F5BDA31C58DDB6344F', '03', '04', 3);
insert into WORKBENCH_TEMPLATE_PORTEL (ID, TEMPLATE_ID, PORTLET_ID, PORTLET_ORDER)
values ('5198DAB2B1384CB99A744FDBF56C986F', '03', '05', 4);
insert into WORKBENCH_TEMPLATE_PORTEL (ID, TEMPLATE_ID, PORTLET_ID, PORTLET_ORDER)
values ('6AC06AFB8DA6477284391275C07B5A3F', '03', '06', 0);
insert into WORKBENCH_TEMPLATE_PORTEL (ID, TEMPLATE_ID, PORTLET_ID, PORTLET_ORDER)
values ('4DBAE1DB2A5243538037D66B03F7776A', '03', '07', 1);
insert into WORKBENCH_TEMPLATE_PORTEL (ID, TEMPLATE_ID, PORTLET_ID, PORTLET_ORDER)
values ('57B8ED0038CC432CB34A1D8CC4D541E1', '03', '08', 2);
insert into WORKBENCH_TEMPLATE_PORTEL (ID, TEMPLATE_ID, PORTLET_ID, PORTLET_ORDER)
values ('33002390D4E6449D8601EA13883133D7', '03', '10', 3);
insert into WORKBENCH_TEMPLATE_PORTEL (ID, TEMPLATE_ID, PORTLET_ID, PORTLET_ORDER)
values ('D45191D3E2FD445B9C1C35E471DEAB37', '03', '09', 4);
insert into WORKBENCH_TEMPLATE_PORTEL (ID, TEMPLATE_ID, PORTLET_ID, PORTLET_ORDER)
values ('52D13ECDB4334F7DB31FBF8986A915C8', '6120FED0B90B4614BA163EBC1BDC1165', '03', 2);
insert into WORKBENCH_TEMPLATE_PORTEL (ID, TEMPLATE_ID, PORTLET_ID, PORTLET_ORDER)
values ('87C68080C72E485E8F1153BC52C4DEE2', '6120FED0B90B4614BA163EBC1BDC1165', '04', 3);
insert into WORKBENCH_TEMPLATE_PORTEL (ID, TEMPLATE_ID, PORTLET_ID, PORTLET_ORDER)
values ('EC8DBAF564784375934EEFA7D1E46DC0', '6120FED0B90B4614BA163EBC1BDC1165', '05', 4);
insert into WORKBENCH_TEMPLATE_PORTEL (ID, TEMPLATE_ID, PORTLET_ID, PORTLET_ORDER)
values ('0C3C4B352748416CBE3AE654B745F283', '6120FED0B90B4614BA163EBC1BDC1165', '01', 0);
insert into WORKBENCH_TEMPLATE_PORTEL (ID, TEMPLATE_ID, PORTLET_ID, PORTLET_ORDER)
values ('636AE6B5667C41EDB22EE74B69E9D670', '6120FED0B90B4614BA163EBC1BDC1165', '02', 1);
insert into WORKBENCH_TEMPLATE_PORTEL (ID, TEMPLATE_ID, PORTLET_ID, PORTLET_ORDER)
values ('4387AA04361F45F9AFCBD8567D50FFE9', '6120FED0B90B4614BA163EBC1BDC1165', '7D1195DE2CE04245A7275BC30E25B538', 5);
insert into WORKBENCH_TEMPLATE_PORTEL (ID, TEMPLATE_ID, PORTLET_ID, PORTLET_ORDER)
values ('172535314AD74E83AF49C13D0915844A', '6120FED0B90B4614BA163EBC1BDC1165', 'F3839A11E5094979A1842B38320F6139', 6);
insert into WORKBENCH_TEMPLATE_PORTEL (ID, TEMPLATE_ID, PORTLET_ID, PORTLET_ORDER)
values ('87F68F9196424B73A79DB65A2EA7F5CC', '6120FED0B90B4614BA163EBC1BDC1165', 'A4C882A899BB464FA29FCBA2CDFD18B5', 7);
insert into WORKBENCH_TEMPLATE_PORTEL (ID, TEMPLATE_ID, PORTLET_ID, PORTLET_ORDER)
values ('F9863F694AA148668BE79FDB55BF2F10', '6120FED0B90B4614BA163EBC1BDC1165', '06', 0);
insert into WORKBENCH_TEMPLATE_PORTEL (ID, TEMPLATE_ID, PORTLET_ID, PORTLET_ORDER)
values ('78CB48FEAECD4DB994405701D7F31BF8', '6120FED0B90B4614BA163EBC1BDC1165', '07', 1);
insert into WORKBENCH_TEMPLATE_PORTEL (ID, TEMPLATE_ID, PORTLET_ID, PORTLET_ORDER)
values ('CC9EAACD523F4FABA310C9247F203C18', '6120FED0B90B4614BA163EBC1BDC1165', '21DD3F81AF6D44109513A8C81DD2B702', 2);
insert into WORKBENCH_TEMPLATE_PORTEL (ID, TEMPLATE_ID, PORTLET_ID, PORTLET_ORDER)
values ('51D699ED82B24E31AE76D7CA9227976C', '6120FED0B90B4614BA163EBC1BDC1165', '816012A04D1F48CAAE9A5C2555ABC841', 3);
insert into WORKBENCH_TEMPLATE_PORTEL (ID, TEMPLATE_ID, PORTLET_ID, PORTLET_ORDER)
values ('1BA01E06F9A649D392369566FB721304', '6120FED0B90B4614BA163EBC1BDC1165', '08', 4);
insert into WORKBENCH_TEMPLATE_PORTEL (ID, TEMPLATE_ID, PORTLET_ID, PORTLET_ORDER)
values ('6B841E4A29884759B80DBF4A54239A0D', '6120FED0B90B4614BA163EBC1BDC1165', '09', 5);
insert into WORKBENCH_TEMPLATE_PORTEL (ID, TEMPLATE_ID, PORTLET_ID, PORTLET_ORDER)
values ('70AE34D276D14D5F806F55E47764E71B', '6120FED0B90B4614BA163EBC1BDC1165', '10', 6);
insert into WORKBENCH_TEMPLATE_PORTEL (ID, TEMPLATE_ID, PORTLET_ID, PORTLET_ORDER)
values ('F4C35CA3B1E443EBB82E03D8BEAAAE31', '6120FED0B90B4614BA163EBC1BDC1165', '17', 7);
insert into WORKBENCH_TEMPLATE_PORTEL (ID, TEMPLATE_ID, PORTLET_ID, PORTLET_ORDER)
values ('73943A32EBE84B049DA73100F8484ADF', '6120FED0B90B4614BA163EBC1BDC1165', '16', 8);
insert into WORKBENCH_TEMPLATE_PORTEL (ID, TEMPLATE_ID, PORTLET_ID, PORTLET_ORDER)
values ('030E642E36DD4A9EB48021153EA6EC35', '6120FED0B90B4614BA163EBC1BDC1165', '15', 9);
insert into WORKBENCH_TEMPLATE_PORTEL (ID, TEMPLATE_ID, PORTLET_ID, PORTLET_ORDER)
values ('4837CBECEAD74F9E99070D4E927AF837', '02', '01', 0);
insert into WORKBENCH_TEMPLATE_PORTEL (ID, TEMPLATE_ID, PORTLET_ID, PORTLET_ORDER)
values ('0E48AF8984404F53B60C4E95DC2F46AE', '02', '02', 1);
insert into WORKBENCH_TEMPLATE_PORTEL (ID, TEMPLATE_ID, PORTLET_ID, PORTLET_ORDER)
values ('BF51018BEB9C45948EC7C405A919BE7D', '02', '03', 2);
insert into WORKBENCH_TEMPLATE_PORTEL (ID, TEMPLATE_ID, PORTLET_ID, PORTLET_ORDER)
values ('5B13319B3CC24546AB28F9539BBC223F', '02', '04', 3);
insert into WORKBENCH_TEMPLATE_PORTEL (ID, TEMPLATE_ID, PORTLET_ID, PORTLET_ORDER)
values ('86B0B65040CB4070A39B08D139DE4EC0', '02', '05', 4);
insert into WORKBENCH_TEMPLATE_PORTEL (ID, TEMPLATE_ID, PORTLET_ID, PORTLET_ORDER)
values ('7AB29A333DD846439DA7D6F549C5FE4D', '02', '06', 0);
insert into WORKBENCH_TEMPLATE_PORTEL (ID, TEMPLATE_ID, PORTLET_ID, PORTLET_ORDER)
values ('A04AAFC243A743DC84A95A9BEAFE6701', '02', '07', 1);
insert into WORKBENCH_TEMPLATE_PORTEL (ID, TEMPLATE_ID, PORTLET_ID, PORTLET_ORDER)
values ('00E9BD4CF7AE4DC683694A00E3DBD1A8', '02', '08', 2);
insert into WORKBENCH_TEMPLATE_PORTEL (ID, TEMPLATE_ID, PORTLET_ID, PORTLET_ORDER)
values ('87E3B979139142C090B363270FFCC787', '02', '09', 3);
insert into WORKBENCH_TEMPLATE_PORTEL (ID, TEMPLATE_ID, PORTLET_ID, PORTLET_ORDER)
values ('48AB594D830045F392CFA2CB113FA208', '6120FED0B90B4614BA163EBC1BDC1165', '14', 10);
insert into WORKBENCH_TEMPLATE_PORTEL (ID, TEMPLATE_ID, PORTLET_ID, PORTLET_ORDER)
values ('409A334942AF4A3D91E57B8DB286867B', '6120FED0B90B4614BA163EBC1BDC1165', '11', 11);
insert into WORKBENCH_TEMPLATE_PORTEL (ID, TEMPLATE_ID, PORTLET_ID, PORTLET_ORDER)
values ('D55164B6081E4FF4A35A3177AF23692B', '6120FED0B90B4614BA163EBC1BDC1165', '12', 12);
insert into WORKBENCH_TEMPLATE_PORTEL (ID, TEMPLATE_ID, PORTLET_ID, PORTLET_ORDER)
values ('667BA04DBC2F4AB5B17C2DD609E9E837', '6120FED0B90B4614BA163EBC1BDC1165', '13', 13);
insert into WORKBENCH_TEMPLATE_PORTEL (ID, TEMPLATE_ID, PORTLET_ID, PORTLET_ORDER)
values ('EE2052E25FA640E6B972EEB8E73C1EC8', '2EBDD2853FE1495ABE340D7D2B27A6C5', '7D1195DE2CE04245A7275BC30E25B538', 0);
insert into WORKBENCH_TEMPLATE_PORTEL (ID, TEMPLATE_ID, PORTLET_ID, PORTLET_ORDER)
values ('8A5490DD544D4BBF8921C097192B9B2A', '2EBDD2853FE1495ABE340D7D2B27A6C5', 'F3839A11E5094979A1842B38320F6139', 1);
insert into WORKBENCH_TEMPLATE_PORTEL (ID, TEMPLATE_ID, PORTLET_ID, PORTLET_ORDER)
values ('FA117909AD114464A96576EE4D168EBA', '2EBDD2853FE1495ABE340D7D2B27A6C5', '08', 0);
insert into WORKBENCH_TEMPLATE_PORTEL (ID, TEMPLATE_ID, PORTLET_ID, PORTLET_ORDER)
values ('6B2D1CAC92F343D781520BD4E470F156', '2EBDD2853FE1495ABE340D7D2B27A6C5', '09', 1);
commit;
prompt 54 records loaded
set feedback on
set define on
prompt Done.
